id,bid,user_id,用户昵称,微博正文,头条文章url,发布位置,艾特用户,话题,转发数,评论数,点赞数,发布时间,发布工具,微博图片url,微博视频url,retweet_id
4839470660584726,MgyOm2s74,6012324646,噼哩啪啦啦啦猪,山东服装职业学院这姐实惨，说的句句在理，不知道怎么被喷几百楼的，默哀。#为爱冲锋的勇士#,,,,为爱冲锋的勇士,0,0,13,2022-11-24 23:19,山东服装职业学院超话,"['https://wx2.sinaimg.cn/large/006yT6ialy1h8gmm3r97vj30u01qgwnt.jpg', 'https://wx4.sinaimg.cn/large/006yT6ialy1h8gmm4tst1j30n01dsnb0.jpg']",,
4839464234650936,MgyDZjvV6,6807447484,蠱画貓,#山东服装职业学院#男宝真是无成本发癫,,,,山东服装职业学院,0,0,0,2022-11-24 22:54,真我GT Neo3,,,
4839437215470877,MgxWpmXdX,7796467148,美丽无声199604,山东服装职业学院,,,,,0,0,0,2022-11-24 21:06,山东服装职业学院超话,"['https://wx1.sinaimg.cn/large/008vDbg8ly1h8gisp5vusj30ku0qx76q.jpg', 'https://wx2.sinaimg.cn/large/008vDbg8ly1h8gisokcnyj30ku0f1gn9.jpg']",,
4839421515927165,Mgxx5oRVr,6530437873,红夫人太短,山东服装职业学院🤡都是网友,,,,,0,0,0,2022-11-24 20:04,山东服装职业学院超话,,,
4839412795704386,Mgxj1nVYe,7298582857,尧家猫南北,#山东服装职业学院##为爱冲锋的勇士#传谣的和骂人的起码应该给保安和那五个同学道歉吧,,,,"山东服装职业学院,为爱冲锋的勇士",0,0,4,2022-11-24 19:29,荣耀20,,,
4839410971187321,Mgxg54YSl,7210176708,若离45965,#山东服装职业学院超话#即使这件事不是真的，也让人看清了这个学校的某些🐶的三观，还在这叫,,,,山东服装职业学院超话,0,0,1,2022-11-24 19:22,Redmi K50,,,
4839402917862280,Mgx35wZkY,3969584819,尼尔的小尾巴L,山东服装职业学院我挺好奇一件事情，一开始刷抖音的时候说是山服有个女英雄给陈发了消息说，王出g了，之后就开始出现了1vs5的谣言🤔,,,,,0,0,0,2022-11-24 18:50,山东服装职业学院超话,,,
4839399730975556,MgwXX45MM,7615607708,碧云扶影下湘南,#为爱冲锋的勇士##山东服装职业学院#被骗了吧，事情刚出来就说别轻易站队，我们只是吃瓜群众，全部人都在骂我，刷了几千条评论，现在呢？哑巴了，现在别人都直播带货去了，你怎么说？继续敬告网友：永远年轻，永远热血，永远热泪盈眶，永远被当枪使，永远被带节奏，永远不长记性。,,,,"为爱冲锋的勇士,山东服装职业学院",0,3,19,2022-11-24 18:37,iPhone 11,"['https://wx2.sinaimg.cn/large/008jojsogy1h8gee6f4w6j30so0fwjtp.jpg', 'https://wx3.sinaimg.cn/large/008jojsogy1h8gee6y7ikj30so0g3wgm.jpg', 'https://wx3.sinaimg.cn/large/008jojsogy1h8gee7en7ij30so0f076g.jpg', 'https://wx3.sinaimg.cn/large/008jojsogy1h8gee7s2ckj30so0frtax.jpg', 'https://wx3.sinaimg.cn/large/008jojsogy1h8gee88yvpj30so0fv76d.jpg', 'https://wx4.sinaimg.cn/large/008jojsogy1h8gee8s9lnj30u01pv11w.jpg', 'https://wx1.sinaimg.cn/large/008jojsogy1h8gee9q1qmj30qo1g3n3i.jpg', 'https://wx1.sinaimg.cn/large/008jojsogy1h8geea4o7qj30nh1aqjxx.jpg', 'https://wx3.sinaimg.cn/large/008jojsogy1h8gehe9f3aj30mz0hvq57.jpg']",,
4839396455222209,MgwSFlUxb,6616628050,Sharkkl,山东服装职业学院前几天大骂学校的司马崽怎么不出来丢人现眼了听风就是雨长点记性吧,,,,,0,0,1,2022-11-24 18:24,山东服装职业学院超话,,,
4839382744301651,Mgwwyi33t,3969584819,尼尔的小尾巴L,山东服装职业学院hhhc，看了帖子都快笑死了，我记得那时候我发了一个帖子是说女主会不会保研，当初贴吧分为三个帮派，支持女方，捍卫男方，搞男女对立！结果今天听说有反转，翻了翻帖子，当初不管捍卫男方还是支持女方的，大部分应该都删了帖子然后又从那里装预言家又说自己一开始就说会有反转，后来才有人说女主拿着男主账号搞宇宙的尽头直播，那么一开始出现闹剧时预言家哪里来的？！,,,,,0,0,0,2022-11-24 17:30,山东服装职业学院超话,['https://wx4.sinaimg.cn/large/ec9b0eb3ly1h8gceldvbxj2058034746.jpg'],,
4839470660584726,MgyOm2s74,6012324646,噼哩啪啦啦啦猪,山东服装职业学院这姐实惨，说的句句在理，不知道怎么被喷几百楼的，默哀。#为爱冲锋的勇士#,,,,为爱冲锋的勇士,0,0,13,2022-11-24 23:19,山东服装职业学院超话,"['https://wx2.sinaimg.cn/large/006yT6ialy1h8gmm3r97vj30u01qgwnt.jpg', 'https://wx4.sinaimg.cn/large/006yT6ialy1h8gmm4tst1j30n01dsnb0.jpg']",,
4839464234650936,MgyDZjvV6,6807447484,蠱画貓,#山东服装职业学院#男宝真是无成本发癫,,,,山东服装职业学院,0,0,0,2022-11-24 22:54,真我GT Neo3,,,
4839437215470877,MgxWpmXdX,7796467148,美丽无声199604,山东服装职业学院,,,,,0,0,0,2022-11-24 21:06,山东服装职业学院超话,"['https://wx1.sinaimg.cn/large/008vDbg8ly1h8gisp5vusj30ku0qx76q.jpg', 'https://wx2.sinaimg.cn/large/008vDbg8ly1h8gisokcnyj30ku0f1gn9.jpg']",,
4839421515927165,Mgxx5oRVr,6530437873,红夫人太短,山东服装职业学院🤡都是网友,,,,,0,0,0,2022-11-24 20:04,山东服装职业学院超话,,,
4839412795704386,Mgxj1nVYe,7298582857,尧家猫南北,#山东服装职业学院##为爱冲锋的勇士#传谣的和骂人的起码应该给保安和那五个同学道歉吧,,,,"山东服装职业学院,为爱冲锋的勇士",0,0,4,2022-11-24 19:29,荣耀20,,,
4839410971187321,Mgxg54YSl,7210176708,若离45965,#山东服装职业学院超话#即使这件事不是真的，也让人看清了这个学校的某些🐶的三观，还在这叫,,,,山东服装职业学院超话,0,0,1,2022-11-24 19:22,Redmi K50,,,
4839402917862280,Mgx35wZkY,3969584819,尼尔的小尾巴L,山东服装职业学院我挺好奇一件事情，一开始刷抖音的时候说是山服有个女英雄给陈发了消息说，王出g了，之后就开始出现了1vs5的谣言🤔,,,,,0,0,0,2022-11-24 18:50,山东服装职业学院超话,,,
4839399730975556,MgwXX45MM,7615607708,碧云扶影下湘南,#为爱冲锋的勇士##山东服装职业学院#被骗了吧，事情刚出来就说别轻易站队，我们只是吃瓜群众，全部人都在骂我，刷了几千条评论，现在呢？哑巴了，现在别人都直播带货去了，你怎么说？继续敬告网友：永远年轻，永远热血，永远热泪盈眶，永远被当枪使，永远被带节奏，永远不长记性。,,,,"为爱冲锋的勇士,山东服装职业学院",0,3,19,2022-11-24 18:37,iPhone 11,"['https://wx2.sinaimg.cn/large/008jojsogy1h8gee6f4w6j30so0fwjtp.jpg', 'https://wx3.sinaimg.cn/large/008jojsogy1h8gee6y7ikj30so0g3wgm.jpg', 'https://wx3.sinaimg.cn/large/008jojsogy1h8gee7en7ij30so0f076g.jpg', 'https://wx3.sinaimg.cn/large/008jojsogy1h8gee7s2ckj30so0frtax.jpg', 'https://wx3.sinaimg.cn/large/008jojsogy1h8gee88yvpj30so0fv76d.jpg', 'https://wx4.sinaimg.cn/large/008jojsogy1h8gee8s9lnj30u01pv11w.jpg', 'https://wx1.sinaimg.cn/large/008jojsogy1h8gee9q1qmj30qo1g3n3i.jpg', 'https://wx1.sinaimg.cn/large/008jojsogy1h8geea4o7qj30nh1aqjxx.jpg', 'https://wx3.sinaimg.cn/large/008jojsogy1h8gehe9f3aj30mz0hvq57.jpg']",,
4839396455222209,MgwSFlUxb,6616628050,Sharkkl,山东服装职业学院前几天大骂学校的司马崽怎么不出来丢人现眼了听风就是雨长点记性吧,,,,,0,0,1,2022-11-24 18:24,山东服装职业学院超话,,,
4839382744301651,Mgwwyi33t,3969584819,尼尔的小尾巴L,山东服装职业学院hhhc，看了帖子都快笑死了，我记得那时候我发了一个帖子是说女主会不会保研，当初贴吧分为三个帮派，支持女方，捍卫男方，搞男女对立！结果今天听说有反转，翻了翻帖子，当初不管捍卫男方还是支持女方的，大部分应该都删了帖子然后又从那里装预言家又说自己一开始就说会有反转，后来才有人说女主拿着男主账号搞宇宙的尽头直播，那么一开始出现闹剧时预言家哪里来的？！,,,,,0,0,0,2022-11-24 17:30,山东服装职业学院超话,['https://wx4.sinaimg.cn/large/ec9b0eb3ly1h8gceldvbxj2058034746.jpg'],,
4839377866328438,MgwoGqyjA,2015759447,小咪家的小喵,#为爱冲锋的勇士后续#一群轻信了谣言的人，沉浸在自己的幻想里。无所不用其极的攻击那个女生和那个学校里的一切，还沾沾自喜自己匡扶正义。现在反转了，真相了。人家学校做错啥了。现在有些人还在那全身上下就嘴硬，死活不承认自己信了谣言被耍了山东服装职业学院,,,,为爱冲锋的勇士后续,0,0,0,2022-11-24 17:10,山东服装职业学院超话,,,
4839375672444472,Mgwl9afUY,2668661823,鸾镜花枝月鸣筝,#山东服装职业学院#反转了家人们以后吃瓜还是先观察再说省的被人溜了,,,,山东服装职业学院,0,0,0,2022-11-24 17:02,iPhone客户端,,,
4839369229468507,MgwaKDJbR,7008655668,燕子你在哪啊,山东服装职业学院🤡🤡小丑竟在我身边,,,,,0,0,0,2022-11-24 16:36,山东服装职业学院超话,,,
4839364410475673,Mgw2Z1ZK9,6369384553,鹿与七月_,山东服装职业学院刚开始我就说过是剧本，评论区好多人喷我让我想不到的学生这么消费学校，学校没有任何反应，这么一个学校各企业不录用是民智的选择,,,,,0,0,0,2022-11-24 16:17,山东服装职业学院超话,,,
4839319849666208,MguT6EyCA,6184655787,XIa治愈你的,#山东服装职业学院#我以为五个沸羊羊打人没想到是六个沸羊羊互殴,,,,山东服装职业学院,0,0,4,2022-11-24 13:20,iPhone 14 Pro Max(深空黑色),,,
4839315405013537,MguLWl2fv,7724550885,現役池桃·,#山东服装职业学院#果然剧本的尽头就是带货,,,,山东服装职业学院,0,0,0,2022-11-24 13:02,iPhone客户端,,,
4839281317904678,MgtSXxamO,6984436167,法学生V,从山东服装学院这件事来看知乎真的已经烂透掉了，早起是知乎er智商堪忧，现在就在这嘴硬吧,,,,,0,0,0,2022-11-24 10:47,HUAWEI Mate 40 Pro,,,
4839272748942531,MgtF8Bwmn,6365446928,我叫林小逗,山东服装职业学院L我叫林小逗的微博视频,,,,,0,0,2,2022-11-24 10:13,山东服装职业学院超话,,"http://f.video.weibocdn.com/o0/tdm5FxcKlx0811Kpj2OI01041203DrMA0E020.mp4?label=mp4_720p&template=1280x720.25.0&ori=0&ps=1BVp4ysnknHVZu&Expires=1669342481&ssig=1FTMHPhQ0P&KID=unistore,video",
4839271067033743,MgtCqtvNt,7388211993,s我想你一直陪在我身边,#山东服装职业学院#有没有床位可以租两张女生价格好商量啊,,,,山东服装职业学院,0,1,0,2022-11-24 10:06,荣耀 9X,,,
4839261058107584,Mgtmhy19u,7758072625,搞笑女雯儿,#山东服装职业学院超话#合着现在把网友当傻子一切都是一场骗局，两个人只是为了直播带货而已,,,,山东服装职业学院超话,0,0,0,2022-11-24 09:26,vivo Y31s 千元5G,,,
4839260932801903,Mgtm5bKTZ,6180621832,暂世书,#山东服装职业学院为爱冲锋的勇士#让我想起了一句话：在世人中间不愿渴死的人，必须学会从一切杯子里痛饮；在世人中间要保持清洁的人，必须懂得用脏水也可以洗身。只可惜忘了出自哪本书，可能他只是想借此机会得到些什么，又或者只是想拙劣的让两家就这样重归于好；但知情者不愿意出声的话，猜测永远是猜测。,,,,山东服装职业学院为爱冲锋的勇士,0,0,0,2022-11-24 09:26,新版微博 weibo.com,,,
4839248241368987,Mgt1C5K8r,7772513092,妮醒了,#山东服装职业学院#到底有没有人去关心一下山东服务职业学院啊,,,,山东服装职业学院,0,2,0,2022-11-24 08:35,iPhone客户端,,,
4839154628953374,MgqACBzbg,7727188500,开朗的网友sjd,#高铁不售卖卫生巾合理吗##男女对立#山东服装职业学院个人意见，高铁火车卖卫生巾，和王佳颖事件差不多都是有个别博主挑拨男女对立，搞极端男女拳，我给你们分析一下高铁事件你们就明白了，都是资本主义运作割韭菜罢了。第一点，不是所有人觉得是关怀，毕竟私人物品，有一些自闭症女孩子会觉得不妥在侮辱自己。第二，高铁火车上卖东西的大部分是资本不是国家，属于公私合营，还有一些脑子有问题的说得免费，让资本免费做梦呢？第三点，只是个别女性需要，不是全部，如果卖这个玩意，想想推个小推车，喊，瓜子饮料卫生巾，你有勇气买嘛，第四，现在已经有提供的，架不住你们女孩子作文，有了也就别抱怨讨论了，贵不贵按照你们要求提供了就行了，高铁火车上哪有便宜的，是不是没坐过最后，还有那些搞男女对立的，小心了，既然你们搞极端男女拳，就最好反噬的准备,,,,"高铁不售卖卫生巾合理吗,男女对立",0,1,1,2022-11-24 02:23,山东服装职业学院超话,,,
4839140124263384,MgqdehT6g,5938461474,小朋友往前走,山东服装职业学院真的就无语，一直强调要理智吃瓜，防止当枪使，这下好了只有学校和学校的学生受伤得世界达成了，我当时说真相的时候还有好多人骂我，上升到学校以及学校的全体学生，就是攻击性特别强，伸张所谓的“正义”，我真的会笑，这俩人就是畜牲，通过这种方式积攒人气，学校有她这种学生也是晦气，明明是他们俩的事情让学校和学校的学生背锅，给位正义的使者，在伸张你们所谓的正义之前请你们搞明白事实，带上脑子，不要傻不愣登的让人当枪使，要不然你们就是所谓的帮凶,,,,,0,9,14,2022-11-24 01:26,山东服装职业学院超话,,,
4839125099743586,MgpOZESKC,7403949598,残风惊月,山东服装职业学院还是得理性对待啊，不到结果出来，真不知道🤡是谁，还好我坚持了,,,,,0,4,3,2022-11-24 00:26,山东服装职业学院超话,,,
4839094960001903,Mgp2o00uH,7718917581,hq花v,山东服装职业学院说真的学校你们要不然把那2个人告了，还有网暴的比较狠的，要不然是真的……,,,,,0,0,1,2022-11-23 22:26,山东服装职业学院超话,,,
4839068670625819,MgolZ2CNR,6191062155,oooool肖,山东服装职业学院所以现在是老师正常出入学生除非得病才能请假出校是吧？？？,,,,,0,2,3,2022-11-23 20:42,山东服装职业学院超话,,,
4839060998456253,Mgo9BztRb,5375832358,容嬷嬷不扎人,山东服装学院发生的事反转了，造谣南京大学周恒的，没一个道歉的之前信誓旦旦的大V们变哑巴了再奉劝一下网上的事一定要三思而论,,,,,2,0,8,2022-11-23 20:11,,"['https://wx2.sinaimg.cn/large/005ROrzwgy1h8fbkiqfj9j32dc35s7wj.jpg', 'https://wx2.sinaimg.cn/large/005ROrzwgy1h8fbl9z4gpj32dc35shdu.jpg']",,
4839047123966308,MgnNegDOI,7267631662,shibuya-,山东服装职业学院#山东服装职业学院#所以当时全网造女生黄谣的人出来道歉了吗？你们的“追爱勇士”说他老婆嘴比你们干净怎么回事啊？看眼广场发现有些人挺有自知之明的，也知道你们是小丑一个。不要觉得自己被骗了，不都怪自己纯纯脑瘫吗，被舆论挑起情绪还真情实感地为“正义”冲锋陷阵，我说先管好你们自己。看看现在那群跟风造黄谣的司马东西，又美美隐身准备下次冲锋陷阵了。,,,,山东服装职业学院,0,5,28,2022-11-23 19:16,微博轻享版,['https://wx1.sinaimg.cn/large/007VQeZwgy1h8f9zx3b5nj30qo1g3dkv.jpg'],,
4839045362090103,MgnKo8LJl,6570143923,忘忧谷灵,山东服装职业学院搞半天我们是小丑？还让学校莫名其妙的背锅了,,,,,0,0,2,2022-11-23 19:09,山东服装职业学院超话,,,
4839028450395279,Mgnj71EPt,7380887364,别给爷爷按头,#山东服装职业学院#人家男生说，他老婆比你们嘴干净小仙男背刺了吧boyscheatboys,,,,山东服装职业学院,0,1,10,2022-11-23 18:02,iQOO Z3 性能先锋,,,
4838998122173834,Mgmwc97vQ,6043568835,哆啦荣耀,山东服装职业学院#为爱冲锋的勇士当事人回应##为爱冲锋的勇士#快点给山东服装职业学院道歉！！！！L哆啦荣耀的微博视频,,,,"为爱冲锋的勇士当事人回应,为爱冲锋的勇士",0,3,5,2022-11-23 16:01,山东服装职业学院超话,,"http://f.video.weibocdn.com/o0/wtTaoYgQlx0810xssNXO01041200sj9l0E010.mp4?label=mp4_720p&template=720x1600.24.0&ori=0&ps=1BVp4ysnknHVZu&Expires=1669342694&ssig=r3aDL%2Bwjmm&KID=unistore,video",
4838991436187412,MgmlppXCY,2648998497,宁夏检察,【找工作的同学注意啦！收好这份实用防骗指南！】近日，#官方回应公司拒录山东服装学院学生#引发网络热议，求职过程中被套路、遭遇骗局怎么办？戳图学习↓八大求职骗局和防骗锦囊送给你！（@央视新闻）,,,央视新闻,官方回应公司拒录山东服装学院学生,1,5,1,2022-11-23 15:35,微博 weibo.com,"['https://wx4.sinaimg.cn/large/9de48261ly1h8f3ks0wifj20go0go761.jpg', 'https://wx4.sinaimg.cn/large/9de48261ly1h8f3kvtvhxj20go0gowgh.jpg', 'https://wx1.sinaimg.cn/large/9de48261ly1h8f3kzgp47j20go0go40i.jpg', 'https://wx1.sinaimg.cn/large/9de48261ly1h8f3l30tijj20go0gogna.jpg', 'https://wx1.sinaimg.cn/large/9de48261ly1h8f3l76ntvj20go0gogms.jpg', 'https://wx2.sinaimg.cn/large/9de48261ly1h8f3lausf3j20go0gotak.jpg', 'https://wx4.sinaimg.cn/large/9de48261ly1h8f3letkzzj20go0gotag.jpg', 'https://wx3.sinaimg.cn/large/9de48261ly1h8f3lig78pj20go0godhp.jpg', 'https://wx3.sinaimg.cn/large/9de48261ly1h8f3llsn9ej20go0gojtf.jpg']",,
4838976600933032,MglXu3UIU,2296682121,岁月拾荒的笔者,山东服装职业学院所以小丑是我们自己,,,,,0,1,5,2022-11-23 14:36,山东服装职业学院超话,,,
4838976218991316,MglWRBJ3e,6147295212,冷漠Frankenstein,山东服装职业学院我giao了，本以为这事就这么过去，热度下去就此沉沦。这几天没看又出新事儿了？哪位说说,,,,,0,1,7,2022-11-23 14:34,山东服装职业学院超话,['https://wx2.sinaimg.cn/large/006I1qiMly1h8f1urm4snj30u00u075r.jpg'],,
4838967318415333,MglIvzjdb,6097981468,小女人惠英,有没有买你们英雄带货的共享绿帽啊？#山东服装职业学院#,,,,山东服装职业学院,0,2,19,2022-11-23 13:59,pckkaAndroid,['https://wx2.sinaimg.cn/large/006EGvxOly1h8f0ti4k7zj30u01uoti0.jpg'],,
4838964563809635,MglE4fZ3J,6544309424,暠伩Ervin,#山东服装职业学院#rnm,,,,山东服装职业学院,0,0,0,2022-11-23 13:48,真我Q5 Pro,,,
4838960880419559,Mgly81L95,6097981468,小女人惠英,山东服装职业学院特别好笑，你们的英雄出来直播卖货了,,,,,0,3,3,2022-11-23 13:33,山东服装职业学院超话,,,
4838960594946227,MglxFkKJR,7469687940,世界队长肖万,#山东服装职业学院#日内瓦，退钱，你对得起我们吗？,,,,山东服装职业学院,0,0,4,2022-11-23 13:32,HUAWEI Mate 20,,,
4838954609675230,Mglo0EAY6,6593942584,·珠珠猫·,#为爱冲锋的勇士#什么叫“最惨的是被骗到的网友”啊？自己脑tan怎么还有脸觉得自己惨啊？最惨的难道不是被骂了几万条的被造黄谣的当事女生吗？难道不是其他无辜的山东服装职业学院的学生吗？,,,,为爱冲锋的勇士,1,0,105,2022-11-23 13:09,,,,
4838944124698797,Mgl76jIn3,5533408538,杨因因,山东服装职业学院#官方回应公司拒录山东服装学院学生#听信谣言无端攻击侮辱甚至抵制无辜学生，蹭流量企业真的很没品。一个企业能因为私人感情打死一船人格局也就这样了。山东高考生六十万，能上本科的不过二十万。身为教育大省，专科生并没有那么不堪。国家需要顶端人才，同样也需要技术人才。抛去网络，更多的是普通人。疫情当前，专科院校志愿者不计其数，在正面夸奖中没见过，在负面偏见的攻击里从来没有被落下过。做题不行，不是意味着做人不行。能力天赋时运努力任何的一切，都不和一个人的人品有直接关系。新时代的青年人不是垮掉的一代，他们大多数都朝气蓬勃敢于担当。真相浮出水面，学生学校也收不到傲慢的企业道歉。涉事人只会麻痹自己，无知无礼伤及无辜不过是，正义的、冲动的血性。,,,,官方回应公司拒录山东服装学院学生,0,0,2,2022-11-23 12:27,iPhone客户端,"['https://wx1.sinaimg.cn/large/0062tCkOly1h8ey5ze4kmj30pe124dkx.jpg', 'https://wx4.sinaimg.cn/large/0062tCkOly1h8ey5zpz4jj30or18g0yh.jpg']",,
4838939334287424,MgkZnhZm0,5533408538,杨因因,山东服装职业学院#官方回应公司拒录山东服装学院学生#听信谣言无端攻击侮辱甚至抵制无辜学生，蹭流量企业真的很没品。一个企业能因为私人感情打死一船人格局也就这样了。山东高考生六十万，能上本科的不过二十万。身为教育大省，上专科没有那么不堪。国家需要顶端人才，同样也需要技术人才。抛去网络，更多的是普通人。疫情当前，山东专科院校志愿者不计其数，在正面夸奖中没见过，在负面偏见的攻击里从来没有被落下过。他们做题不行，不是做人不行。,,,,官方回应公司拒录山东服装学院学生,0,0,1,2022-11-23 12:08,山东服装职业学院超话,"['https://wx3.sinaimg.cn/large/0062tCkOly1h8exf20cr4j30pe12447j.jpg', 'https://wx2.sinaimg.cn/large/0062tCkOly1h8exf2cl0xj30or18g12v.jpg']",,
4838934929997958,MgkSgFWVo,7542070467,绝色200001,#山东服装职业学院#都是骗子啊哈哈哈哈我们网友被人家耍的团团转戳太不是个东西了💩,,,,山东服装职业学院,0,1,2,2022-11-23 11:50,iPhone客户端,,,
4838933572358469,MgkQ59TxP,6104315746,今天我在赫本家,厦门美速达国际物流有限公司的“性情中人.国民英雄”曹先生什么时候给山东服装学院道歉呢#为爱冲锋的勇士#,,,,为爱冲锋的勇士,1,2,32,2022-11-23 11:45,华为手机,"['https://wx3.sinaimg.cn/large/006F75nAly1h8ewwsvj9lj30u0152wjp.jpg', 'https://wx4.sinaimg.cn/large/006F75nAly1h8ewwt6z5pj30u01qswm4.jpg', 'https://wx2.sinaimg.cn/large/006F75nAly1h8ewwti5mpj30u01400xp.jpg', 'https://wx1.sinaimg.cn/large/006F75nAly1h8ewwtz8kwj30tq2lh7fa.jpg']",,
4838930257814420,MgkKJwMT2,5341575004,冇问题撒,#山东服装职业学院#剧本？学校本来不能开除，这下可以开除了。,,,,山东服装职业学院,0,0,4,2022-11-23 11:32,HUAWEI Mate 40 Pro,,,
4838929528527603,MgkJyzMpZ,6237820267,爱发财的猫猫,#山东服装职业学院#纯纯大冤种啊#为爱冲锋的勇士#厦门美速达的曹先生立马给学生们道歉,,,,"山东服装职业学院,为爱冲锋的勇士",0,10,48,2022-11-23 11:29,Android,"['https://wx3.sinaimg.cn/large/006O9g0jgy1h8ewg936mcj30u0168dpe.jpg', 'https://wx3.sinaimg.cn/large/006O9g0jgy1h8ewg9f4xnj30u01b8ak8.jpg', 'https://wx1.sinaimg.cn/large/006O9g0jgy1h8ewg9s5h0j30u01hqjyj.jpg', 'https://wx2.sinaimg.cn/large/006O9g0jgy1h8ewga7z23j30tq2lhamj.jpg', 'https://wx4.sinaimg.cn/large/006O9g0jgy1h8ewgakxkfj30u014079s.jpg', 'https://wx3.sinaimg.cn/large/006O9g0jgy1h8ewgb02v1j30u01qs11b.jpg', 'https://wx3.sinaimg.cn/large/006O9g0jgy1h8ewgbfi72j30u0152q8j.jpg']",,
4838929298361940,MgkJbz5k0,7263618323,小哼哈的葡萄汁,#山东服装职业学院#家人们被骗了之前骂过人但骂的都是些三观不正的没想到这个竟然是假，以后吃瓜吃真瓜再冲,,,,山东服装职业学院,0,1,4,2022-11-23 11:28,vivo 全新水滴屏手机,,,
4838926876936757,MgkFht6zb,5774032594,姜姜不摆烂,#山东服装职业学院超话#把我们当猴耍的后果很严重，你们等着,,,,山东服装职业学院超话,0,0,0,2022-11-23 11:18,HUAWEI Mate 20,,,
4838924624599664,MgkBEjiA8,7792812703,大哥二弟呀,#山东服装职业学院#6666666,,,,山东服装职业学院,0,0,0,2022-11-23 11:09,rose^Android,,,
4838924461017590,MgkBo4gIK,6031007273,强制早睡,哈哈哈哈为爱冲锋的勇士是演的，在不相关的视频评论区刷的南宝尴尬不？那个说不收山东服装职业学院的公司尴尬不？,,,,,0,3,12,2022-11-23 11:09,,,,
4838919860134481,MgktY0yZ3,6838210154,焦焦学长,#为爱冲锋的勇士后续反转#没有粗轨，没有被绿，没有怀孕，没有专升本。这个勇士联手跑去带货了。近日#山东服装职业学院#那位全国关注的拖鞋男，跑去带货被炸号了。真是什么都敢说，看来还是小了点。#为爱冲锋的勇士#（cr:⭕内容嬷嬷）L焦焦学长的微博视频,,,,"为爱冲锋的勇士后续反转,山东服装职业学院,为爱冲锋的勇士",2,0,10,2022-11-23 10:51,老焦欠费的Android,,"http://f.video.weibocdn.com/o0/ElFmHKKwlx0810c6jC3C01041200Gp4r0E010.mp4?label=mp4_720p&template=544x720.24.0&ori=0&ps=1BVp4ysnknHVZu&Expires=1669342911&ssig=RffKR1i7iT&KID=unistore,video",
4838903796204954,Mgk43q2bU,5375832358,容嬷嬷不扎人,#山东服装职业学院#所以那5个男生是被冤枉的？没出轨呗网络上的事真的要擦亮眼睛了人家美美带货赚钱，留下一群傻叉互骂，包括我,,,,山东服装职业学院,2,2,13,2022-11-23 09:47,,"['https://wx3.sinaimg.cn/large/005ROrzwgy1h8etj8adasj30u00wnq79.jpg', 'https://wx2.sinaimg.cn/large/005ROrzwgy1h8etj9kigkj30u01hlgwa.jpg', 'https://wx4.sinaimg.cn/large/005ROrzwgy1h8etjaiufrj30u01ah7d7.jpg', 'https://wx4.sinaimg.cn/large/005ROrzwgy1h8etjbnra7j30u01dqtia.jpg']",,
4838901732344122,Mgk0J9POq,6189797723,爱香菜源,#山东服装职业学院超话#不是吧……人呢？都给我出来道歉，顶着张嘴自以为维护正义可把自己感动坏了，其实就是没脑子罢了,,,,山东服装职业学院超话,0,1,3,2022-11-23 09:38,vivo S7轻薄自拍旗舰,,,
4838896531148633,MgjSl4OOl,5901382313,林萧你闭嘴吧你,#山东服装职业学院#支持维护男方的绿帽男网友去买他带的货,,,,山东服装职业学院,0,1,5,2022-11-23 09:18,,,,
4838891947298230,MgjKWuCBo,6885940837,一兔我饮酒醉,#山东服装职业学院#难道小丑真是全网的网友们？随着舆论态势的下降，大家再来看这件事，发现有了惊掉下巴的反差。是不是两人设计的剧本，相信会有更多证据被发现。吃瓜需谨慎，坑太多……种花家的兔子们,,,,山东服装职业学院,4,9,37,2022-11-23 09:00,种花家的兔子们超话,"['https://wx2.sinaimg.cn/large/007w0HLTly1h8es3r5okoj30u01ty4e7.jpg', 'https://wx1.sinaimg.cn/large/007w0HLTly1h8es3s52pbj30u01tyqdb.jpg', 'https://wx1.sinaimg.cn/large/007w0HLTly1h8es3sjbpij30o81hctde.jpg', 'https://wx2.sinaimg.cn/large/007w0HLTly1h8es7mkjhij30qo0lyzos.jpg']",,
4838882505399966,MgjvImEMe,6456205996,谁忆秦娥11,#为爱冲锋的勇士#同情一下山东服装学院的学生莫名其妙被闯入校园，上去制止还要被造谣污蔑。人家夫妻俩为了热度无底线炒作，踩的却是整个学校的口碑和学生们的未来这件事刚好赶上秋招尾巴，网上那么多拿不要这所学校的学生做噱头的短视频，就算是编的，难道真的不会对他们找工作造成影响吗？,,,,为爱冲锋的勇士,0,5,53,2022-11-23 08:22,nova5Pro人像超级夜景,,,
4838882325039704,Mgjvql93y,7716183086,Z-Y小赵的朋友圈,山东服装职业学院我拿你当勇士，你拿我当小丑..................,,,,,0,0,2,2022-11-23 08:21,山东服装职业学院超话,,,
4838854739626070,MgiMVEobc,1737429143,马真明Eric,#为爱冲锋的勇士后续#近期，很多网友应该都在网络刷到了“为爱冲锋的勇士”，虽然很多网友都略有耳闻，但还有很多人仍然只是一知半解，今天我们就来从头到尾，讲讲这个情节简单，但又非常离谱，且及其颠覆和刷新三观的故事。但最近一段时间，山东服装职业学院却凭着“为爱冲锋的勇士”在网上大红大紫，下面我们就来具体看看这个故事。,,,,为爱冲锋的勇士后续,0,0,2,2022-11-23 06:32,新版微博 weibo.com,"['https://wx2.sinaimg.cn/large/678f1097gy1h8enwcsg3hj20t00jtn7n.jpg', 'https://wx2.sinaimg.cn/large/678f1097gy1h8enwd9jdxj20ri0jlqd3.jpg', 'https://wx2.sinaimg.cn/large/678f1097gy1h8enwdhd4vj20ta0ogad3.jpg', 'https://wx4.sinaimg.cn/large/678f1097gy1h8enwe0i6qj20q70gjk3e.jpg', 'https://wx2.sinaimg.cn/large/678f1097gy1h8enwefs9nj20hq0g4q9y.jpg', 'https://wx1.sinaimg.cn/large/678f1097gy1h8enwetwyij20hu0kzgpj.jpg']",,
4838843843609593,Mgivmf91f,7125009610,吧唧一口孟竹君-,#山东服装职业学院#反转了哥哥们两人一起开直播呢还,,,,山东服装职业学院,0,0,1,2022-11-23 05:48,iPhone客户端,['https://wx2.sinaimg.cn/large/007MbOtQly1h8emmvn393j30n01dsgzo.jpg'],,
4838784263521170,MggXgeM14,5053989070,阿克塞尔睡不醒,所以这是啥为爱冲锋的勇士山东服装职业学院,,,,,0,4,1,2022-11-23 01:52,山东服装职业学院超话,['https://wx3.sinaimg.cn/large/005w21qKgy1h8efrnr2sdj30tz14ygu3.jpg'],,
4838779086963624,MggOUtdyw,1868566074,什么都不是的自信普通人,山东服装职业学院退了退了，老是被当枪使，什么为爱冲锋，最后只要有钱都无所谓。哥们的热度是为了帮你讨回公道的，现在好了，原来都是为了钱。以后这些事我看个热闹的了，发什么声，人家在乎吗？,,,,,0,0,0,2022-11-23 01:31,山东服装职业学院超话,,,
4838769678879915,MggzJBg4r,6499585661,下辈子长成蛇,#山东服装职业学院##为爱冲锋的勇士#还为爱冲锋呢，当时骑单车三天三夜我就觉得假，果然是剧本，真是丑完了,,,,"山东服装职业学院,为爱冲锋的勇士",0,0,5,2022-11-23 00:54,Android,['https://wx1.sinaimg.cn/large/0075RB8Ngy1h8ee4qivg9j30u01uo43t.jpg'],,
4838758048596124,MgggYA4fa,6018436795,扒圈酱紫,大学生们在校园内的生活可谓是丰富多彩，即使校园内的管理分外严格，却还是阻挡不住学生们“悸动的心”，山东服装职业学院频繁出现在众人的视角中，为爱冲锋的勇士也着实火了一把。在校内专升本的女大学生，明明已经领了结婚证还扯出花边新闻，男主格外叫人同情，就在大家为这个男生感到不值得的时候，事情却迎来了终极反转，当大家看到这种反转的时候，一时之间如鲠在喉，原来小丑竟是自己。“为爱冲锋的勇士”终极反转，二人和好直播带货，网友被耍的团团转先来回顾一下整件事情的脉络，一个男生出现在山东服装职业学院的校园内，他并不是这个学校的学生，但是他的老婆在这所学校专升本读书。没错，事件的男女主已经结婚了，但男生的举动被网友们解读为女大学生在校内做了背叛男生的事情，所以大家才会看到男生翻越校园的栏杆，不顾学校保安的拦截，在校园内奔跑呼喊的场景。也正因为如此男生被人们称为“为爱冲锋的勇士”，大学生在校园里恋爱是很正常的事情，但因为自身的行为牵扯到学校的各个方面，给学校带来的消极影响，那就不好了。之后也有女主的解释声明，但是网友们义愤填膺，根本就不信女生的话，如今为爱冲锋的勇士终极反转，二人和好直播带货，还在网络平台上发了澄清的视频。网友气不打一处来，直言：这是拿我当猴耍？想想自己也为男生发声过，心中的愤懑还没有过去，结果又添新的气愤，合着你们两个对流量掌握得炉火纯青，只有不明事理的网友才是“大怨种”。现在再回看当时的画面时，有人发现男生在跨越学校栏杆的时候，其实王佳颖就在现场，并且还阻拦了他，只不过是有人断章取义，这一番操作之后，让人觉得现在的大学生，真的有些精明。在高校接受教育，学生因为自己的行为给学校带来了不好的影响，可看学生自己的态度并没有反思的意思，好像在这次事件中，受伤的只有那些入戏太深的网友。以善为饵博取同情，不该是大学生所为有的人认为，他们是用大家的善良为诱饵来博取人们的关注，大学生一边享受着大学校园带来的优质生活，一边也为自己规划美好的未来，可这种规划的手段未免有些不道德，实在不符合大学生本身应有的行为标准。网络时代，大家的确容易被片段的信息带节奏，这件事本身网友们没有什么错误，也许在一开始，他们就已经想好了剧本。只是在大学校园里实施这样的情节，不顾学校的规定，事情结束以后还大言不惭地利用热度来为自己营销，这种行为真的令人不齿。或许很多毕业多年的人已经理解不了00后大学生们的想法，也许大学的教育对于部分学生来说，真的只是为了毕业后找到一个好的工作。在学习的过程中，如果能利用网络让自己收获额外的价值，这些学生也愿意牺牲自己的学习时光，甚至是自己的名声。但笔者觉得当下的大学生们还是应该脚踏实地看重自己的学业，即使那些直播带货真的给自己带来了收入，可那些从四面八方源源不断涌来的非议，学生要考虑清楚自己真的能承受住吗？为爱冲锋事件，应该给大学生带来警醒这样的事情应该给广大的学生们提个醒，大学校园不是随意挥霍时光的地方，如果学生们在大学的时光里游戏人生，要么毕业之后发展受限，再后悔也来不及了。大学生们还未走出校园，所以身上有一种稚气也是可以理解的，不少企业在招聘的时候也看中学生们的这种天真，因为这意味着学生们的可塑性很强，如果学生在校园里就沾染上是世俗的风气，那无异于是对自己将来的发展不负责任。大学生们的人品、三观、素质都是需要不断完善提升的，或许课堂上老师不会教学生们具体该如何去做，但是就是在这一节又一节的课程中，一次又一次的活动中，学生们慢慢积累经验，完成对自我的塑造。笔者寄语：可能很多同学之后也不会相信什么“为爱冲锋”这样的话了，其实这样也好，将心思放在自己的发展上，总比为别人操心要收获的多。,,,,,0,0,0,2022-11-23 00:08,微博 weibo.com,"['https://wx2.sinaimg.cn/large/006ziKldgy1h8ecp0pvdwj30hs0gxtaw.jpg', 'https://wx3.sinaimg.cn/large/006ziKldgy1h8ecpj6damj30hs0m1mzl.jpg', 'https://wx2.sinaimg.cn/large/006ziKldgy1h8ecq1a2r8j30hs0but8z.jpg', 'https://wx4.sinaimg.cn/large/006ziKldgy1h8ecqjnrq5j30hs08rq3j.jpg', 'https://wx3.sinaimg.cn/large/006ziKldgy1h8ecr24ehaj30hs0gmta5.jpg', 'https://wx1.sinaimg.cn/large/006ziKldgy1h8ecrkgtfmj30hs0kwgos.jpg', 'https://wx3.sinaimg.cn/large/006ziKldgy1h8ecs2r0g6j30hs093glx.jpg', 'https://wx4.sinaimg.cn/large/006ziKldgy1h8ecsl3m7bj30hs0d9gm3.jpg']",,
4838750977003531,Mgg5ztnWb,6408615533,向杨而苼,为爱冲锋的勇士后续开直播为女主洗白说女主没出轨是我太冲动#新星v计划##山东服装职业学院##亿点曝光计划#,,,,"新星v计划,山东服装职业学院,亿点曝光计划",4,2,51,2022-11-22 23:39,小米11 Pro,"['https://wx4.sinaimg.cn/large/006ZHTEFly1h8ebz6nqnlj30n10u1abn.jpg', 'https://wx3.sinaimg.cn/large/006ZHTEFly1h8ebz6z5yhj30qn140mz0.jpg', 'https://wx4.sinaimg.cn/large/006ZHTEFly1h8ebz78drwj30qo0lbq5f.jpg', 'https://wx3.sinaimg.cn/large/006ZHTEFly1h8ebz7iqrmj30qo0sjgne.jpg', 'https://wx2.sinaimg.cn/large/006ZHTEFly1h8ebz7vod7j30qo1aa44t.jpg', 'https://wx3.sinaimg.cn/large/006ZHTEFly1h8ebz84d2xj30qo0lygoq.jpg']",,
4838747989873239,Mgg0KFqtN,7464835703,_千里巫云_,#山东服装职业学院#小仙男不打逆风局,,,,山东服装职业学院,0,21,44,2022-11-22 23:28,爱老王老肖Android,,,
4838742306857453,MgfRAsLW5,7718917581,hq花v,山东服装职业学院学校是真可怜，还有学校里的学生,,,,,0,12,56,2022-11-22 23:05,山东服装职业学院超话,,,
4838739773757016,MgfNvfLn2,6624782994,圈内容嬷嬷,#为爱冲锋的勇士我对象很干净#后续来了！山东服装职业学院男主回应:我对象很干净，不像网上喷我的人嘴那么脏一样！#为爱冲锋的勇士##山东服装职业学院##吃瓜#L圈内容嬷嬷的微博视频,,,,"为爱冲锋的勇士 我对象很干净,为爱冲锋的勇士,山东服装职业学院,吃瓜",2,37,89,2022-11-22 22:55,容嬷嬷俱乐部超话,,"http://f.video.weibocdn.com/o0/cE5fANmllx080ZoYnkuQ01041200cZXU0E010.mp4?label=mp4_720p&template=720x1272.24.0&ori=0&ps=1BVp4ysnknHVZu&Expires=1669343103&ssig=wEOgpCx1aX&KID=unistore,video",
4838739471764145,MgfN17oVX,6312801748,想抱月亮6,现在才知道山东服装职业学院那个为爱冲锋的勇士骗子啊呵呵呵呵现在那哥们搁网上带货np,,,,,0,2,0,2022-11-22 22:54,vivo S7轻薄自拍旗舰,,,
4838737009705573,MgfJ2EIRv,6191062155,oooool肖,山东服装职业学院抛开别的不谈听说又要封校了是真的吗我人裂开了,,,,,0,10,14,2022-11-22 22:44,山东服装职业学院超话,,,
4838735592823334,MgfGLbQtE,7311964682,Cola021,山东服装职业学院🌝🌝某些公司可以闭嘴了吧，成天呱呱呱LCola021的微博视频,,,,,0,0,0,2022-11-22 22:38,山东服装职业学院超话,,"http://f.video.weibocdn.com/o0/UNWJu7gulx080ZnP0CGY010412003ZQR0E010.mp4?label=mp4_720p&template=720x1280.24.0&ori=0&ps=1BVp4ysnknHVZu&Expires=1669343103&ssig=4jbn2LH%2Flq&KID=unistore,video",
4838727702545968,Mgfu2aGk0,6487873720,我不萌不美关你毛事,山东服装职业学院家人们听说16号放假，然后回家线上考试，真的假的,,,,,0,9,11,2022-11-22 22:07,山东服装职业学院超话,['https://wx3.sinaimg.cn/large/00754skwly1h8e9b40ybtj302802gmwx.jpg'],,
4838726238738890,MgfrFAFnQ,7717480170,ajxkaihdbma,山东服装职业学院小仙男飞升失败,,,,,0,0,0,2022-11-22 22:01,山东服装职业学院超话,,,
4838726079617698,MgfrpEm0a,7717480170,ajxkaihdbma,山东服装职业学院公狗福报,,,,,0,0,0,2022-11-22 22:00,山东服装职业学院超话,,,
4838713937366360,Mgf7PuUkg,7433218754,羲和雾影,#山东服装职业学院#之前就觉得这个事情太假了说了几句话被一帮人追着骂还拉黑举报了好几个现在就想知道他们脸疼不,,,,山东服装职业学院,0,1,14,2022-11-22 21:12,HUAWEI P30,,,
4838712716034049,Mgf5RpjJn,6525494444,小曾要努力学习,#山东服装职业学院#谁爽了，是我哈哈哈，有些人现在才看清而我早就美美看笑话中🚬哈哈哈哈哈哈哈哈哈哈哈哈哈哈哈哈哈哈哈哈哈哈哈哈哈哈哈哈哈哈哈哈哈,,,,山东服装职业学院,0,0,5,2022-11-22 21:07,Android,['https://wx1.sinaimg.cn/large/0077Cjcogy1h8e7kbi7vyj30qy0iw3zo.jpg'],,
4838707679724143,MgeXJENH1,6330433075,麋鹿妹妹0120,#山东服装职业学院#都死了？营销号呢？不关注后续了？男的快手直播带货呢快去支持一下啊！,,,,山东服装职业学院,0,0,11,2022-11-22 20:47,真我GT Neo2T,,,
4838706391293594,MgeVF5qwq,5139871613,今日lluvia,#为爱冲锋的勇士##山东服装职业学院#哦买噶大反转,,,,"为爱冲锋的勇士,山东服装职业学院",0,2,11,2022-11-22 20:42,iPhone 12 Pro Max,['https://wx1.sinaimg.cn/large/005BQnp3ly1h8e6v5904ng30ay0ayayh.jpg'],,
4838701936673649,MgeOts07v,5233542060,坐家-五味俱全,#为爱冲锋的勇士#反转了？反转了！这一个前段时间掀动全网情绪高潮的事情迎来了360度大转弯。没有所谓的出轨事情，骑车三天三夜到泰安是谣言，被殴打是谣言，妻子发布的内容也是谣言。一切目的都是为了吸粉直播带货。还有公司曾声明说无论如何也不招#山东服装职业学院#的学生，造成如此负面影响为了牟利，实在是太没品和恶劣了,,,,"为爱冲锋的勇士,山东服装职业学院",21,64,697,2022-11-22 20:25,,"['https://wx1.sinaimg.cn/large/005IbpmIly1h8e696sjd2j30qo16u44k.jpg', 'https://wx2.sinaimg.cn/large/005IbpmIly1h8e697b16hj30qm14iags.jpg']",,
4838701144478732,MgeNciN7C,1043149612,北里yu,山东服装职业学院就挺搞笑的L北里yu的微博视频,,,,,0,0,0,2022-11-22 20:21,山东服装职业学院超话,,"http://f.video.weibocdn.com/o0/DxKtQ06zlx080ZepD0e401041200wUFA0E010.mp4?label=mp4_720p&template=720x1606.24.0&ori=0&ps=1BVp4ysnknHVZu&Expires=1669343188&ssig=6mwezMslAx&KID=unistore,video",
4838700343103462,MgeLUd1lQ,1043149612,北里yu,山东服装职业学院自己看吧家人们L北里yu的微博视频,,,,,0,4,0,2022-11-22 20:18,山东服装职业学院超话,,"http://f.video.weibocdn.com/o0/vdqPuA64lx080ZedsrQ401041200uIFD0E010.mp4?label=mp4_720p&template=720x1606.24.0&ori=0&ps=1BVp4ysnknHVZu&Expires=1669343188&ssig=4k%2FZwnswgM&KID=unistore,video",
4838697902540406,MgeHYaESi,6476940629,SooYaa-3-,大家好，你们为爱冲锋的勇士开始带货了。#山东服装职业学院##为爱冲锋的勇士#,,,,"山东服装职业学院,为爱冲锋的勇士",0,0,2,2022-11-22 20:09,Android,,,
4838696714766116,MgeG3jZSQ,7758513863,代DAIE,#山东服装职业学院超话#nmsb还勇士呢，我勇士你妈，耍了我们团团转，还把学校名声搞臭了，双方涨分百万，我真的靠,,,,山东服装职业学院超话,0,0,9,2022-11-22 20:04,真我GT Neo 闪速版,,,
4838692889559368,MgezSE6Pm,6852931653,Hyeongy,#为爱冲锋的勇士##山东服装职业学院#营销号呢，这会怎么全亖光了，南宝们不去支持一下勇士的带货事业吗,,,,"为爱冲锋的勇士,山东服装职业学院",0,37,212,2022-11-22 19:49,被窝,,,
4838692310750851,MgeyX39kv,5721474109,共享中心,#山东服装职业学院#这俩是不是剧本？复合辟谣明星炒作这一套是被你俩玩明白了,,,,山东服装职业学院,0,1,0,2022-11-22 19:46,iPhone客户端,['https://wx2.sinaimg.cn/large/006fcIMtly1h8e57ufz04j30wi1ycb29.jpg'],,
4838692004564265,Mgeysj9nb,7269155119,xyh小朋友啊,#山东服装职业学院#男宝的焦绿癖,,,,山东服装职业学院,0,0,1,2022-11-22 19:45,iPhone客户端,,,
4838689051513087,MgetH6lCD,7365729256,Byfirjetttt00,山东服装职业学院笑死我了，出轨自行车不都是网友yy的，别人没按着你想的演就是剧本以为找到了完美受害人，以为自己是正义天使原来是伪君子真小人别人女生什么都没做被网暴的半个多月，女生发的澄清没人看，现在被打脸了，就说人家剧本蠢东西玩得真明白,,,,,0,29,99,2022-11-22 19:33,山东服装职业学院超话,,,
4838687303534518,MgeqSePum,7542325293,屎淋到头g还敢狡辩,山东服装职业学院什么时候能放假啊，请问能节课就回家吗？能线上考试吗？真的想回家泰安疫情又厉害了。想家走想妈妈。从开学到现在我好想妈妈啊！孩子想回家,,,,,0,5,4,2022-11-22 19:26,山东服装职业学院超话,,,
4838683146460242,Mgekar6Bs,5574549926,01一只眠羊O,#山东服装职业学院#笑死了之前发微博说他两的事一群网友瞎操心还有💩来恶心人现在直播带货了不嫌丢人现眼真是《勇士》,,,,山东服装职业学院,0,0,4,2022-11-22 19:10,iPhone客户端,,,
4838682055680443,MgeipnPK3,6115271217,寒雪淡然,山东服装职业学院我就知道任何事情都不能片面的看，没想到果然是真的。现在有相当一部分网民听了风吹草动就发动攻击，张扬自己的正义感，认为自己在坚持正义，没想到最后落了个为根本不存在的正义的下场，而且用肮脏的语言去表达，令人堪忧所谓的正义到底是什么。现在啊，包括我在内，我们有时候坚持的根本就是虚假的正义，我们有时根本就是假君子假绅士，到最后落了个真小人的下场。,,,,,0,11,21,2022-11-22 19:06,山东服装职业学院超话,,,
4838679288223272,MgedWyvfq,5852351577,左郡蓝,#山东服装职业学院##为爱冲锋的勇士#所以说站队太早后期反转打脸就是个笑话，所以你们都是绿帽癖吗？编造出来一个“为爱冲锋的勇士”来满足你们对女性的期待？,,,,"山东服装职业学院,为爱冲锋的勇士",7,30,351,2022-11-22 18:55,iPhone客户端,"['https://wx1.sinaimg.cn/large/006o3RZnly1h8e3or2u3gj30wi0qs77x.jpg', 'https://wx3.sinaimg.cn/large/006o3RZnly1h8e3ore2bvj30u01uo7bi.jpg', 'https://wx4.sinaimg.cn/large/006o3RZnly1h8e3oniimzj30n01dsgww.jpg', 'https://wx2.sinaimg.cn/large/006o3RZnly1h8e3oo7onrj30n01dswor.jpg', 'https://wx4.sinaimg.cn/large/006o3RZnly1h8e3oon5gvj30n01dsdq0.jpg', 'https://wx1.sinaimg.cn/large/006o3RZnly1h8e3opclb3j30n01ds7ed.jpg', 'https://wx1.sinaimg.cn/large/006o3RZnly1h8e3opu8h9j30n01dsajb.jpg', 'https://wx1.sinaimg.cn/large/006o3RZnly1h8e3on4iclj30n01ds4a2.jpg', 'https://wx1.sinaimg.cn/large/006o3RZnly1h8e3oqo1m0j30n01dsgxw.jpg']",,
4838677677348950,MgebluPNs,7782898233,夏日南星-,山东服装职业学院让我看看支持为爱冲锋的那些女人在哪里,,,,,0,4,1,2022-11-22 18:48,山东服装职业学院超话,,,
4838670823068407,Mge0icSer,6577264020,宇智波栀,山东服装职业技术学院兄弟们假的假的，别跟风了,,,,,0,0,1,2022-11-22 18:21,山东服装职业技术学院超话,,,
4838670588969644,MgdZUBDpG,6781392923,繁星落过他眉梢,山东服装职业学院以后这种事情谁爱出头谁出头，早就应该不相信爱情，这就是爱情？你们的爱情拿网友当猴耍好玩吗？直播里一直说是网友捏造，你也说了事发第二天之后你们一直在一起，不趁早澄清？咋的看自己老婆被骂，心里爽的一批！想知道他们为什么不早澄清吗？，因为粉丝量没赚够，现在人家可都是几十万粉丝的网红了，人家的快乐你们想象不到了，口口声声说没想卖货没想骗网友，一开始怎么不把你这诚恳劲拿出来，现在以为装一下楚楚可怜的样子就能获得网友们的原谅？你们是火了，拿一个学校的名声，一个学校的学生的前途当垫脚石，真的666原以为是好心搞了半天我们才是坏人网友们以后再有像这种因为爱情这的那的，咱也不要发声了，免得被人好心当成驴肝肺，不想说了累了#为爱冲锋的勇士#L繁星落过他眉梢的微博视频,,,,为爱冲锋的勇士,0,6,10,2022-11-22 18:20,微博视频号,,"http://f.video.weibocdn.com/o0/66IShiHIlx080Z64LUXu01041202lNAx0E010.mp4?label=mp4_720p&template=576x1280.24.0&ori=0&ps=1BVp4ysnknHVZu&Expires=1669343283&ssig=xc%2BJ9xtkUz&KID=unistore,video",
4838669255445885,MgdXLmQIR,6525494444,小曾要努力学习,#山东服装职业学院#哈哈哈哈哈哈我要笑死了i♂宝的福报，结果就是被狠狠背刺，绿帽奴怎么这个时候不去给你的好兄弟冲业绩啊哈哈哈哈哈哈哈哈哈哈哈哈哈,,,,山东服装职业学院,0,1,12,2022-11-22 18:15,Android,,,
4838664960478701,MgdQQ20wZ,6047901825,饼干叉会儿腰,山东服装职业学院听说男的直播说是剧本？我就…啊？…啊？…啊？,,,,,0,1,0,2022-11-22 17:58,山东服装职业学院超话,,,
4838664422561468,MgdPYaKm0,6043568835,哆啦荣耀,山东服装职业学院男主回应为什么去学校！！没有专升本！山东服装职业学院#为爱冲锋的勇士当事人回应##为爱冲锋的勇士#不要再造谣了哈！学校无辜的，那5个同学也是见义勇为罢了，保安也是职责！L哆啦荣耀的微博视频,,,,"为爱冲锋的勇士当事人回应,为爱冲锋的勇士",2,5,16,2022-11-22 17:55,山东服装职业学院超话,,"http://f.video.weibocdn.com/o0/nDgrY53xlx080Z4pP1Ww01041201btfk0E010.mp4?label=mp4_720p&template=720x1600.24.0&ori=0&ps=1BVp4ysnknHVZu&Expires=1669343377&ssig=RwFpuBqtin&KID=unistore,video",
4838664301971713,MgdPM8gVP,5822750989,自贸港一枝花,#山东服装职业学院#这么想黑红，那就祝两位的剧本早日成真吧，互联网真精彩,,,,山东服装职业学院,0,3,15,2022-11-22 17:55,iPhone客户端,['https://wx1.sinaimg.cn/large/006m3Fwxgy1h8e20yejzbj30jl0jljsr.jpg'],,
4838659755344765,MgdIrmqpT,5752368472,刚小王,山东服装职业学院苍蝇不叮无缝蛋🥚，野史也是有根据的叭。,,,,,0,0,0,2022-11-22 17:37,山东服装职业学院超话,,,
4838659448373814,MgdHWz8pw,7480963286,典滴典中典,山东服装职业学院网爆的人出来说话，我早在12号就说要理性看待这件事，不要搞网爆，结果某些人还骂我，现在人家出来带货了吧,,,,,1,49,131,2022-11-22 17:36,山东服装职业学院超话,,,
4838655027320441,MgdAOuInD,7459915777,我是你跌8,#山东服装职业学院#超，都是假的，四分钟的直播录像说明了一切,,,,山东服装职业学院,0,0,3,2022-11-22 17:18,Redmi K40,,,
4838654197634390,Mgdztw23k,1448589414,科技犬建哥,剧本？爱冲锋的勇士与女主不仅和好了，还直播带货记得前几天挺火山东服装职业学院为爱冲锋的勇士那事吧，现在男的跟女的不仅和好了，还直播带货了。那个学校给他出头那些男生全都完蛋，人现在又当又立，赚的盆满钵满，以后谁还敢帮忙？流量让他们要明白了，分了正常，和好又赚一波流量！就是真的感觉就是炒作。如果一个事情背后没有推手炒作，几乎不可能成为热点。生活中那些出轨的事放网上根本没有人关注也没有热度呀，为啥这件事情有热度呢？？？？？？,,,,,0,0,3,2022-11-22 17:15,荣耀Magic4 Pro,"['https://wx1.sinaimg.cn/large/5657b866ly1h8e0ujsoqbj20u013znf9.jpg', 'https://wx1.sinaimg.cn/large/5657b866ly1h8e0uk2ys7j20u01jh4h7.jpg', 'https://wx3.sinaimg.cn/large/5657b866ly1h8e0ukap7nj20u01sxnhy.jpg', 'https://wx4.sinaimg.cn/large/5657b866ly1h8e0ukj9kej20u01grauf.jpg', 'https://wx2.sinaimg.cn/large/5657b866ly1h8e0uks15kj20u0140gt0.jpg', 'https://wx1.sinaimg.cn/large/5657b866ly1h8e0ul36p6j20u01fytl7.jpg', 'https://wx3.sinaimg.cn/large/5657b866ly1h8e0ulcy4oj20u01al4b7.jpg']",,
4838653483819307,Mgdykg1zJ,5355744628,·nothingtoworry·,#为爱冲锋的勇士##山东服装职业学院#我真的笑死了，之前问了一句“有必要高潮成这样吗”就被男的女的追着骂，当然男的骂的最多也最难听，还拉黑举报掉好几个。怎么这个时候后续来了不继续为爱冲锋了呀集体高潮这么久发现被骗心里一定不好受吧哈哈哈哈哈哈，早说你们没脑子还不信，身为男的怎么还被男的骗呀,,,,"为爱冲锋的勇士,山东服装职业学院",6,119,1343,2022-11-22 17:12,vivo X80,,,
4838646793897427,MgdnxglTJ,7725400296,玮哥emo了吗,山东服装职业学院,,,,,0,0,0,2022-11-22 16:45,山东服装职业学院超话,,,
4838638338968899,Mgd9TBDdF,5513198430,饿得晕乎乎,#山东服装职业学院超话#所以双方涨粉百万，网友互撕男女主开直播捞钱学校都被搞臭了男主开直播只一个劲说网友嘴巴臭媳妇没出轨但是也不说为什么跑到学校寻事滋事那这样的话学校那五勇士这心里得多憋屈本来是见义勇为后面还被网友网暴扒得啥隐私都没有听说还被打了也不知道是不是真的,,,,山东服装职业学院超话,0,1,7,2022-11-22 16:12,iPhone客户端,,,
4838628733490081,MgcUpeDVD,1685535987,豆豆酱有点闲,我给大家捋一下#为爱冲锋的勇士#全事件过程11月11日，网上流传一段视频，传闻当事男生因女朋友出轨于是骑车三天三夜去女生学校讨要说法，并且1v5丝毫不惧，引发大量网友共情讨论，该当事人被奉为勇士、男人典范后来“为爱冲锋的勇士”“山东服装学院”等话题相继登上热搜，很多大v网友声援该男生，并且曝光了当事女生的信息进行讨伐山东服装学院对此事进行回应，称骑车三天三夜是造谣，可能是因为情感纠纷当事女生又发文澄清自己没有出轨，男生去学校是因为其他丝事，希望网友停止造谣不要影响他们的生活尽管如此，该事件仍没有平息，多家公司声明拒绝录用山东服装职业学院的学生，雇凶打人，并且还有网友为当事男生画了漫画，出了新歌、游戏致敬在近日，该当事男主女主在某平台直播，再次澄清没有出轨，并且进行了带货，粉丝迅速涨到了几十万，但随即被平台封🈲！,,,,为爱冲锋的勇士,1046,425,19752,2022-11-22 15:34,,"['https://wx3.sinaimg.cn/large/64773cf3ly1h8e720yt9cj20zk0p6abv.jpg', 'https://wx1.sinaimg.cn/large/64773cf3ly1h8e721boxyj20u01eb10b.jpg', 'https://wx4.sinaimg.cn/large/64773cf3ly1h8e721lrfbj20u012jdla.jpg', 'https://wx3.sinaimg.cn/large/64773cf3ly1h8e7220kr2j20u01jrn58.jpg', 'https://wx1.sinaimg.cn/large/64773cf3ly1h8e722feinj20n02xtgz9.jpg', 'https://wx3.sinaimg.cn/large/64773cf3ly1h8e722o5g1j20u013dn12.jpg', 'https://wx3.sinaimg.cn/large/64773cf3ly1h8e722vnblj20u012j796.jpg', 'https://wx2.sinaimg.cn/large/64773cf3ly1h8e7235f4vj20u0140gp1.jpg', 'https://wx4.sinaimg.cn/large/64773cf3ly1h8e723f02zj20u00yswh5.jpg']",,
4838624719536262,MgcNVE0OG,6284197420,知名沙雕,#为爱冲锋的勇士#山东服装职业学院全是剧本，从头到尾全是剧本，合着你们两口子结婚的目的就是把全国人民当傻子耍呢，你这样的人配值得同情吗？博取别人的同情心，换取你们的热度，扰乱学校的秩序，没想出来呀，这互联网被他玩明白了L知名沙雕的微博视频,,,,为爱冲锋的勇士,5,7,5,2022-11-22 15:18,微博视频号,,"http://f.video.weibocdn.com/u0/xDXfL6Tdgx080YTyOkAw01041200eFwi0E010.mp4?label=mp4_720p&template=720x1600.24.0&ori=0&ps=1BVp4ysnknHVZu&Expires=1669343472&ssig=7lSHvvQhLz&KID=unistore,video",
4838622002152206,MgcJy91T0,3956055188,甄姬不放瓜,记得前几天挺火山东服装职业学院为爱冲锋的勇士那事吧，现在男的跟女的不仅和好了，还直播带货了。#为爱冲锋的勇士#,,,,为爱冲锋的勇士,41,127,1631,2022-11-22 15:07,,"['https://wx2.sinaimg.cn/large/ebcc9c94ly1h8dx5pl2bcj20u01jg7e8.jpg', 'https://wx2.sinaimg.cn/large/ebcc9c94ly1h8dx5q3p4hj20u013z46p.jpg', 'https://wx2.sinaimg.cn/large/ebcc9c94ly1h8dx5qktf0j20n014gwm5.jpg', 'https://wx3.sinaimg.cn/large/ebcc9c94ly1h8dx5raj92j20n01dsgsw.jpg', 'https://wx4.sinaimg.cn/large/ebcc9c94ly1h8dx5rly03j20n013utdz.jpg', 'https://wx4.sinaimg.cn/large/ebcc9c94ly1h8dx5p2nh4j20n00zqwk4.jpg', 'https://wx3.sinaimg.cn/large/ebcc9c94ly1h8dx613twej20on0wvn02.jpg']",,
4838612946656589,MgcuWrVGl,1964415943,I-YaMeng-I,山东服装职业技术学院我就是来嘲笑那些当初被当枪使的男人们的。,,,,,0,1,3,2022-11-22 14:31,山东服装职业技术学院超话,"['https://wx1.sinaimg.cn/large/75169bc7ly1h8dw4rpbnpj20u01uotlo.jpg', 'https://wx3.sinaimg.cn/large/75169bc7ly1h8dw4r8kj0j20zo2561kx.jpg']",,
4838597155360825,Mgc5tmuAV,7269811012,事在人为71052,#山东服装职业学院超话#为爱冲锋的勇士事件真的让人蛮无语的，有必要嘛，还有一家公司不录用这个出生学校的人我都觉得有点惨了它们两个的剧本我觉得很过分容忍不了都举报吧大家让他们自己骗人的后果让他们封号气死人真实,,,,山东服装职业学院超话,0,0,2,2022-11-22 13:28,OPPO Reno6 5G,,,
4838597075142374,Mgc5llzLw,6043568835,哆啦荣耀,山东服装职业学院虽然男主被封号了，但是我录屏了，可以看，整个事情是谣言！不要攻击学校了！是男主私事！女主没有出轨！女主跟男主一直好好的第二天就回家了，根本没有所谓的怀孕，出轨，骑三天三夜，学校里5个同学也是帮保安拦截闯入者没有错！嘴巴干净一点不要网爆！！！#为爱冲锋的勇士当事人回应#,,,,为爱冲锋的勇士当事人回应,1,47,226,2022-11-22 13:28,山东服装职业学院超话,"['https://wx2.sinaimg.cn/large/006B0ckHly1h8du8o7vn1j30u0152goy.jpg', 'https://wx1.sinaimg.cn/large/006B0ckHly1h8du8of9ahj30u00zqn0h.jpg', 'https://wx1.sinaimg.cn/large/006B0ckHly1h8du8okrdaj30u00ndq62.jpg', 'https://wx1.sinaimg.cn/large/006B0ckHly1h8du8otg1gj30u01uo7f9.jpg', 'https://wx2.sinaimg.cn/large/006B0ckHly1h8du8p3pvjj30u01uo113.jpg']",,
4838594939719415,Mgc1TEMsL,6043568835,哆啦荣耀,山东服装职业学院什么情况，男主正在直播被封号了山东服装职业学院#为爱冲锋的勇士当事人回应#,,,,为爱冲锋的勇士当事人回应,0,3,3,2022-11-22 13:19,山东服装职业学院超话,"['https://wx4.sinaimg.cn/large/006B0ckHly1h8du1y01o4j30u01uo7f9.jpg', 'https://wx4.sinaimg.cn/large/006B0ckHly1h8du348hsej30u01uogu1.jpg', 'https://wx3.sinaimg.cn/large/006B0ckHly1h8du34h7daj30u00ndq62.jpg']",,
4838594051572011,Mgc0t6AX1,6043568835,哆啦荣耀,山东服装职业学院男主开直播回应根本没有出轨！，女主近期也会在自己号上直播回应此时！请理性不要网爆！#为爱冲锋的勇士当事人回应##为爱冲锋的勇士#L哆啦荣耀的微博视频,,,,"为爱冲锋的勇士当事人回应,为爱冲锋的勇士",0,1,14,2022-11-22 13:16,山东服装职业学院超话,,"http://f.video.weibocdn.com/o0/tTDmYDhtlx080YLbpjLy01041200hzHp0E010.mp4?label=mp4_720p&template=720x1600.24.0&ori=0&ps=1BVp4ysnknHVZu&Expires=1669343472&ssig=nf8yBb5tm7&KID=unistore,video",
4838593555602153,MgbZFnvnj,6043568835,哆啦荣耀,山东服装职业学院男主回应:我对象很干净，不像网上的人嘴那么脏！！！#为爱冲锋的勇士当事人回应##为爱冲锋的勇士#L哆啦荣耀的微博视频,,,,"为爱冲锋的勇士当事人回应,为爱冲锋的勇士",0,23,29,2022-11-22 13:14,山东服装职业学院超话,,"http://f.video.weibocdn.com/o0/FMrRO9RPlx080YL4nKis01041200fZDq0E010.mp4?label=mp4_720p&template=720x1600.24.0&ori=0&ps=1BVp4ysnknHVZu&Expires=1669343472&ssig=bYCc5qbYR6&KID=unistore,video",
4838592792501981,MgbYrauSx,6212840533,柚橙youcheng,山东服装职业学院#为爱冲锋的勇士#恶心恶心恶心，他们两个真配，圈钱哥6666，大家别给男的女的洗了，他们两个都不是啥好人,,,,为爱冲锋的勇士,0,15,11,2022-11-22 13:11,山东服装职业学院超话,['https://wx4.sinaimg.cn/large/006MsrDngy1h8dts0x25pj30u01uok43.jpg'],,
4838589802218493,MgbTC9j89,6043568835,哆啦荣耀,山东服装职业学院没有出轨，感情很好一直在一起#为爱冲锋的勇士当事人回应##为爱冲锋的勇士#L哆啦荣耀的微博视频,,,,"为爱冲锋的勇士当事人回应,为爱冲锋的勇士",1,43,53,2022-11-22 12:59,山东服装职业学院超话,,"http://f.video.weibocdn.com/o0/dW058XVClx080YK25wEw010412009t8f0E010.mp4?label=mp4_720p&template=720x1600.24.0&ori=0&ps=1BVp4ysnknHVZu&Expires=1669343554&ssig=%2FhOjBAinfb&KID=unistore,video",
4838589211608780,MgbSF6Kw4,6043568835,哆啦荣耀,山东服装职业学院#为爱冲锋的勇士当事人回应##为爱冲锋的勇士#男主道歉:回应打人的五个人:都是谣言！没有打人，是配合保安阻止闯入者！！！不要攻击他们，理智一点好吗网暴者L哆啦荣耀的微博视频,,,,"为爱冲锋的勇士当事人回应,为爱冲锋的勇士",0,1,5,2022-11-22 12:57,山东服装职业学院超话,,"http://f.video.weibocdn.com/o0/i1O7Wqzilx080YJQvwyk01041200qXgB0E010.mp4?label=mp4_720p&template=720x1600.24.0&ori=0&ps=1BVp4ysnknHVZu&Expires=1669343554&ssig=tCRO30jehp&KID=unistore,video",
4838588954707526,MgbSfjKDQ,6043568835,哆啦荣耀,山东服装职业学院不存在出轨！三天三夜骑自行车！！！！#为爱冲锋的勇士当事人回应#不信谣不传谣，亮身份证证明本人#为爱冲锋的勇士#L哆啦荣耀的微博视频,,,,"为爱冲锋的勇士当事人回应,为爱冲锋的勇士",1,3,8,2022-11-22 12:56,山东服装职业学院超话,,"http://f.video.weibocdn.com/o0/Woo9iR1blx080YJLxh7W01041204d5pz0E020.mp4?label=mp4_720p&template=720x1600.24.0&ori=0&ps=1BVp4ysnknHVZu&Expires=1669343554&ssig=4QVQplky4F&KID=unistore,video",
4838588358858843,MgbRhBaAz,7529547662,马保国大师2020,山东服装职业学院为爱冲锋的勇士在直播间回应说没有出轨，没有男友一件小事，结果闹大了，网络是网传的，你伤透了我的心，你不再是为爱冲锋的勇士了。,,,,,0,0,1,2022-11-22 12:53,山东服装职业学院超话,['https://wx2.sinaimg.cn/large/008dzdj8gy1h8dtb5997pj30u01uotnc.jpg'],,
4838585913839998,MgbNlg6Xs,6043568835,哆啦荣耀,山东服装职业学院男主女主直播回应：没有出轨，没有孩子，没有怀孕，没有专升本，希望大家荔枝！！！没有三天三夜骑车，不是剧本，，去学校是他和别人的私事！！！！！！微博也是假的，之前没有回应是因为没有账号诋毁名誉和骗大家的钱！！自己去看！网络不是非法之地山东服装职业学院#为爱冲锋的勇士##为爱冲锋的勇士当事人回应#L哆啦荣耀的微博视频,,,,"为爱冲锋的勇士,为爱冲锋的勇士当事人回应",4,8,42,2022-11-22 12:44,山东服装职业学院超话,,"http://f.video.weibocdn.com/o0/IZbentQRlx080YIYEsUE01041200ttcV0E010.mp4?label=mp4_hd&template=432x960.24.0&ori=0&ps=1BVp4ysnknHVZu&Expires=1669343554&ssig=vEvIU00RM0&KID=unistore,video",
4838525730029583,Mgaeh07H9,6446000853,心二月凉,某些人真的比她好不到哪去#山东服装职业学院王佳颖#,,,,山东服装职业学院王佳颖,0,0,0,2022-11-22 08:44,OPPO K7,,,
4838396830422432,Mg6Sn1LTq,7758513863,代DAIE,#山东服装职业学院超话#想知道后续,,,,山东服装职业学院超话,0,0,0,2022-11-22 00:12,真我GT Neo 闪速版,,,
4838394100975664,Mg6NY45Ow,6043568835,哆啦荣耀,山东服装职业学院回应来了L哆啦荣耀的微博视频#为爱冲锋的勇士##为爱冲锋的勇士当事人回应#,,,,"为爱冲锋的勇士,为爱冲锋的勇士当事人回应",0,46,130,2022-11-22 00:01,山东服装职业学院超话,,"http://f.video.weibocdn.com/o0/VRZo7l65lx080XSCMpdu01041200o20n0E010.mp4?label=mp4_720p&template=720x1280.24.0&ori=0&ps=1BVp4ysnknHVZu&Expires=1669343622&ssig=dgggwH1HBl&KID=unistore,video",
4838392346447649,Mg6L8r3kl,6273365236,酱油一箩筐,山东服装职业学院热度已经没了，王佳颖和山东绿帽子学院彻底赢了。和以往的事情一样，互联网真的没有记忆。热血终究战胜不了资本,,,,,0,14,10,2022-11-21 23:54,山东服装职业学院超话,,,
4838367836242180,Mg67BqbSk,7725400296,玮哥emo了吗,山东服装职业学院支持王佳颖,,,,,0,0,0,2022-11-21 22:17,山东服装职业学院超话,,,
4838347606067056,Mg5AYpsjK,5947960827,国民网友六六,山东服装职业学院家人们要死了事情反转了这个男的自己绑定的情侣是这意思咯？救命啊啊啊真替我们这群正义网友感觉不值得L国民网友六六的微博视频,,,,,0,4,2,2022-11-21 20:57,山东服装职业学院超话,,"http://f.video.weibocdn.com/o0/qJXvusZBlx080XFXxNQk01041200SXYD0E010.mp4?label=mp4_720p&template=720x1556.24.0&ori=0&ps=1BVp4ysnknHVZu&Expires=1669343622&ssig=KQbEqXiW0y&KID=unistore,video",
4838331638613175,Mg5bdA8Gb,3117825751,Javec吾氵,#山东服装职业学院#看到有这么多人是友军我就放心了,,,,山东服装职业学院,0,0,1,2022-11-21 19:53,iPhone客户端,,,
4838294732933276,Mg4dHcj4U,1979885672,大钉针,山东服装职业学院男生也好，女生也好。恋爱结婚之前体检要做，有没有欠债的情况也要互相清楚,,,,,0,0,0,2022-11-21 17:26,山东服装职业学院超话,,,
4838264789795940,Mg3roF6n2,1584980751,手机用户1584980751,前几天，山东服装学院和张家界新娘的新闻让我感觉非常不舒服，这两起事件，就是半公开的全程直播，公然作恶。大量的人围观，无视善恶、无视法律。印象中，干了坏事都是偷偷摸摸，要人不知鬼不觉。只有少数权贵会公然作恶。一些极端分子才会预告行凶。这两起事件的当事人都是普通人，却干了普通人不敢干的事。我感觉传统的善恶观、价值观已经出大问题了。,,,,,0,2,7,2022-11-21 15:27,微博极速版,,,
4838224351991098,Mg2ob8lYu,2234394140,纯洁之蝎,山东服装职业学院王佳颖退学了没啊？,,,,,0,0,0,2022-11-21 12:47,山东服装职业学院超话,,,
4838056684947177,MfY1KkKZb,5664799556,雯雯想开了,军恋最近大家都吃了张家界和山东服装学院的🍉嘛！！我大哥就现在生怕我cg一直拿这俩事说给我听，搁那警醒我。,,,,,0,6,3,2022-11-21 01:41,军恋超话,,,
4838020643819354,MfX5Cg1Au,5185499580,冷锋队长,山东服装职业学院你们山东服装学院这德性以后谁还敢跟你们学院的人结婚,,,,,0,0,0,2022-11-20 23:17,山东服装职业学院超话,,,
4837989195195272,MfWgTlNwI,6769719141,幻立青梦,#山东服装职业学院#他赢了，赢的坦坦荡荡。他输了，输的彻彻底底。,,,,山东服装职业学院,0,0,0,2022-11-20 21:12,OPPO K9s 5G,,,
4837979342248298,MfW109qSS,1979885672,大钉针,山东艺术学院一个给山东服装学院那个出轨的女生洗白的人发的微博真是下头。一码归一码。的确很多人有过多个感情经历，但是很少有人建议同时交几个男女朋友的吧？癞蛤蟆配癞蛤蟆。麻烦滥浇的人去找烂浇的人当男女朋友。不要祸害专情的人。不要一边欺骗别人感情，花着别人的钱，一边拿着对象，妻子老公的钱去养别的男人女人。什么叫不满足，老婆可以找男伴。就算你喜欢这样，那是你的事情，没资格要求别人和你一样。你下头也要别人和你下头？你下头就去找下头的人和你过日子。不要祸害其他人,,,,,0,0,0,2022-11-20 20:33,山东艺术学院超话,['https://wx2.sinaimg.cn/large/7602a868gy1h8bv7h3p5cj20u01uowor.jpg'],,
4837977664782383,MfVYik47d,1979885672,大钉针,山东服装职业学院一码归一码。的确谁都可能有过很多女朋友，男朋友，但是没有很多人是同时有同时交几个男女朋友吧？不是都是分手离开之后再谈的吗？这个说这个话什么意思？难道你喜欢多人玩你女朋友？或者多人玩男朋友？真是笑话。欺骗他人就是不对。麻烦滥情乱来的就不要去祸害专一深情的，乌龟找王八，癞蛤蟆配癞蛤蟆。你喜欢滥浇的，那就找喜欢滥浇的。找和你一路货色的。不要这边欺骗别人感情，花着别人的辛苦钱，一边拿着别人对你深情的，自己挣的血汗钱供着你去养别的男人女人。我呸,,,,,0,0,0,2022-11-20 20:27,山东服装职业学院超话,['https://wx4.sinaimg.cn/large/7602a868gy1h8buzhl634j20u01uowor.jpg'],,
4837893128847623,MfTLWB7FB,7716216622,锦江老师的真爱粉,粉丝投稿。一到开始真刀真枪竞争的时候，某个性别立马就会被一扫而空了当然，那个性别肯定会把责任归咎到性别歧视上，绝不是自己伸手要钱时“彩礼20万不贵出不起是你没本事”的社达嘴脸#性别歧视##山东服装职业学院#L锦江老师的真爱粉的微博视频,,,,"性别歧视,山东服装职业学院",21,13,161,2022-11-20 14:51,微博视频号,,"http://f.video.weibocdn.com/o0/HoqWqW4Dlx080VFVfnZu010412001qq80E010.mp4?label=mp4_720p&template=720x1280.24.0&ori=0&ps=1BVp4ysnknHVZu&Expires=1669343695&ssig=aul2H%2Fzr3h&KID=unistore,video",
4837863445235291,MfT04lXWb,3275476430,聊辽闲,#男子养儿10年发现非亲生起诉前妻#两万块钱的精神赔偿，只能买两部手机，不讲道德的成本太低了，所以现在很多渣女无所顾忌，张家界新娘，山东服装学院的事情屡见不鲜，如果道德约束不了，那就用金钱去约束，这个伤害太大，应该按着抚养费十倍赔偿，或者更多，让搞破鞋的渣女一辈子活在法院催收中。,,,,男子养儿10年发现非亲生起诉前妻,0,0,2,2022-11-20 12:53,Redmi Note 11 Pro,,,
4837841525278440,MfSqIm9a8,3917203207,超大的大列巴面包,山东服装职业学院王佳颖，山服MB货,,,,,0,2,5,2022-11-20 11:26,山东服装职业学院超话,"['https://wx1.sinaimg.cn/large/e97bc707ly1h8bfira6qgj20u01dx0xs.jpg', 'https://wx4.sinaimg.cn/large/e97bc707ly1h8bfiriqwtj20u01dxdjv.jpg']",,
4837820714189651,MfRT9hzV1,1945877074,说给美少女的洞爷,【投稿】请问姐妹们，你们和另一半讨论过山东服装学院的为爱奔跑的勇士的那个事件吗？我是单身保平安加性冷淡。但我刷抖音看到山东服装学院那件事情，很多男的说要把女主拉去浸🐷龙，我就感到难过。一点进去看他们动态看到这些男的很多都有女朋友。我就为他们的女友感到伤心。毕竟同一时间的樊小慧老公出轨事件，这个比为爱狂奔的勇士还要恶劣百倍，但他们都装聋作哑，很少有男人为樊小慧发声。所以我很好奇，你们身边的男性，特别是有对象的，你们的另一半都是怎么看待这件事的呀？,,,,,14,94,1772,2022-11-20 10:03,发啥都审呸Android,,,
4837804271733856,MfRsD7h3q,6896613700,我心尖上的宝子gj,山东服装职业学院笑死我了，没和好却发和好的照片，你可是真下头啊，这是为自己洗白吗，洗完白然后在直播卖货吗哈哈哈哈哈，想的可真好哈哈哈哈笑死我了#林川奈奈子##为爱冲锋的勇士#,,,,"林川奈奈子,为爱冲锋的勇士",0,10,17,2022-11-20 08:58,山东服装职业学院超话,['https://wx3.sinaimg.cn/large/007wJugQly1h8bb7vgl1fj30n01dstga.jpg'],,
4837782722448394,MfQTSagWe,5909193432,GoogIePIay,山东服装职业学院看来反转了，快手极大概率是女主本人，之前那个发声明的微博大概率不是女主本人,,,,,0,1,0,2022-11-20 07:32,山东服装职业学院超话,,,
4837764904780444,MfQr8k3BW,5833731584,太原圈子君,山东服装职业学院你们学校那个王金莲还没被处理么？？？？,,,,,0,0,0,2022-11-20 06:21,山东服装职业学院超话,,,
4837760722535235,MfQkoaDwT,6085757613,瓜中小婊砸,#为爱冲锋的勇士##山东服装职业学院#愿所有的真心都不被辜负L瓜中小婊砸的微博视频,,,,"为爱冲锋的勇士,山东服装职业学院",0,4,14,2022-11-20 06:05,微博视频号,,"http://f.video.weibocdn.com/o0/Q5Nd7ocClx080Nn5mOu4010412003n6i0E010.mp4?label=mp4_720p&template=576x1024.24.0&ori=0&ps=1BVp4ysnknHVZu&Expires=1669343765&ssig=Za9bESGIuA&KID=unistore,video",
4837672189169352,MfO1ACtmM,7780427126,软糖杀手bobo,#恋爱脑##为爱冲锋的勇士#山东服装职业学院,,,,"恋爱脑,为爱冲锋的勇士",0,2,1,2022-11-20 00:13,iQOO U1x,['https://wx1.sinaimg.cn/large/008uxSw6ly1h8aw25ecg9j30k00zk41n.jpg'],,
4837662533615629,MfNM1faAB,3213599705,大道至简-太极,张家界吴敏，山东服装学院王佳颖，潘金莲不如你俩啊！,,,,,0,4,14,2022-11-19 23:34,荣耀V30 PRO 5G,,,
4837653251621996,MfNx36NXe,7651784924,四舍五入德莉傻,山东服装职业技术学院彦祖啊，别往下滑了，后面全是女猪脑残粉，不如去抖音看几个美女放松放松,,,,,0,1,10,2022-11-19 22:57,山东服装职业技术学院超话,,,
4837643719021341,MfNhFBQRv,5525931008,搞笑一小会,不会让勇士孤单山东服装职业学院#宝藏博主发光计划##超能新星汇##新星v计划##视频星计划#L搞笑一小会的微博视频,,,,"宝藏博主发光计划,超能新星汇,新星v计划,视频星计划",0,0,0,2022-11-19 22:20,微博视频号,,"http://f.video.weibocdn.com/u0/yWPFnN2Hgx080UzRG8wg010412007Agb0E010.mp4?label=mp4_720p&template=1280x720.25.0&ori=0&ps=1BVp4ysnknHVZu&Expires=1669343765&ssig=4OBNzAsIT8&KID=unistore,video",
4837641784132455,MfNeyhl2v,2951409607,努力生活的树懒,山东服装职业学院从道德理论上来讲那个女的就是有问题，而且退一万步来讲他一个人跟好几个人一起处对象本身就不对，不会还有脑残帮他洗吧，不会吧不会吧，帮他洗的人都过九年义务教育了吗，换作是任何一个男生，也不可能忍得了啊，那女的怎么不出来说话呀，微博上搜他也找不到，不会是怂了吧，你当时和那几个男的多人运动怎么不怂啊,,,,,0,0,0,2022-11-19 22:12,山东服装职业学院超话,,,
4837598504161542,MfM6KhsBE,7493951383,该回家恰饭了,山东服装职业学院不吹不黑，这女的确实润呀，看她照片我也想和她战斗一下,,,,,0,1,0,2022-11-19 19:20,山东服装职业学院超话,,,
4837511656900175,MfJQFsX39,5174377668,曾都检察,#普法君微知识#【找工作的同学注意啦！收好这份实用防骗指南！】近日，#官方回应公司拒录山东服装学院学生#引发网络热议，求职过程中被套路、遭遇骗局怎么办？戳图学习↓八大求职骗局和防骗锦囊送给你！（@央视新闻）,,,央视新闻,"普法君微知识,官方回应公司拒录山东服装学院学生",0,2,2,2022-11-19 13:35,Redmi K40,,,
4837501082798000,MfJzCbJT2,3444847840,凉山公安,【找工作的同学注意啦！收好这份实用防骗指南！】近日，#官方回应公司拒录山东服装学院学生#引发网络热议，求职过程中被套路、遭遇骗局怎么办？戳图学习↓八大求职骗局和防骗锦囊送给你！（@央视新闻）,,,央视新闻,官方回应公司拒录山东服装学院学生,0,3,1,2022-11-19 12:53,HUAWEI P30,"['https://wx1.sinaimg.cn/large/cd5434e0gy1h8acfnqk8wj20go0gowgm.jpg', 'https://wx3.sinaimg.cn/large/cd5434e0gy1h8acfo4fqfj20go0godi9.jpg', 'https://wx1.sinaimg.cn/large/cd5434e0gy1h8acfojji7j20go0godi9.jpg', 'https://wx4.sinaimg.cn/large/cd5434e0gy1h8acfoxh69j20go0gomz7.jpg', 'https://wx4.sinaimg.cn/large/cd5434e0gy1h8acfpd8osj20go0gogn1.jpg', 'https://wx2.sinaimg.cn/large/cd5434e0gy1h8acfpqzb7j20go0go0uz.jpg', 'https://wx1.sinaimg.cn/large/cd5434e0gy1h8acfq7g7yj20go0goq52.jpg', 'https://wx4.sinaimg.cn/large/cd5434e0gy1h8acfqlegtj20go0gotaz.jpg', 'https://wx2.sinaimg.cn/large/cd5434e0gy1h8acfqyul5j20go0godib.jpg']",,
4837499384369885,MfJwSikO1,2041483325,延长法院,【找工作的同学注意啦！收好这份实用防骗指南！】近日，#官方回应公司拒录山东服装学院学生#引发网络热议，求职过程中被套路、遭遇骗局怎么办？戳图学习↓八大求职骗局和防骗锦囊送给你！（@央视新闻）,,,央视新闻,官方回应公司拒录山东服装学院学生,0,1,2,2022-11-19 12:46,新版微博 weibo.com,"['https://wx3.sinaimg.cn/large/79ae903dly1h8ac7ylpeoj20go0goq88.jpg', 'https://wx3.sinaimg.cn/large/79ae903dly1h8ac9f5ybaj20go0gowje.jpg', 'https://wx1.sinaimg.cn/large/79ae903dly1h8ac9jbsukj20go0go436.jpg', 'https://wx3.sinaimg.cn/large/79ae903dly1h8ac9mvf9qj20go0goq7t.jpg', 'https://wx1.sinaimg.cn/large/79ae903dly1h8ac9pvzm5j20go0gojuw.jpg', 'https://wx1.sinaimg.cn/large/79ae903dly1h8ac9svhujj20go0gon1n.jpg', 'https://wx2.sinaimg.cn/large/79ae903dly1h8ac9vxbpvj20go0goaf8.jpg', 'https://wx1.sinaimg.cn/large/79ae903dly1h8ac9z1g9yj20go0gotdu.jpg', 'https://wx1.sinaimg.cn/large/79ae903dly1h8aca21gedj20go0gon1s.jpg']",,
4837498998229073,MfJwfywKZ,6656312939,匀枫投资人私密圈,发布了文章《“为爱冲锋的勇士”后续来了，山东服装学院金莲被锤，为什么呢？》O“为爱冲锋的勇士”后续来了，山东服装学院金莲被锤，为什么呢？,,,,,0,0,0,2022-11-19 12:45,微博 weibo.com,,,
4837498867683597,MfJw2weQZ,6656312939,匀枫投资人私密圈,发布了头条文章：《“为爱冲锋的勇士”后续来了，山东服装学院金莲被锤，为什么呢？》O“为爱冲锋的勇士”后续来了，山东服装学院金莲被锤，为什么呢？,http://t.cn/A6K7l3OF,,,,0,0,0,2022-11-19 12:44,微博 weibo.com,,,
4837498565693103,MfJvynT2f,5446186499,永远不跟一个傻子争论乃长寿秘诀,山东服装职业学院这几个解析已经很清楚了，遇到那些直接骂沙比远离就可以了,,,,,0,0,2,2022-11-19 12:43,山东服装职业学院超话,['https://wx2.sinaimg.cn/large/005WzDTJgy1h8ac4rb3k4j30u01sydom.jpg'],,
4837498382189702,MfJvg9bDM,5187067850,忠橙江寒月,山东服装职业技术学院这学校女生指定很好泡，或许一杯奶茶就上钩了。,,,,,0,1,1,2022-11-19 12:42,山东服装职业技术学院超话,,,
4837470761913466,MfIMI81Mm,2421565453,诸城公安,#普法君微知识#【找工作的同学注意啦！收好这份实用防骗指南！】近日，#官方回应公司拒录山东服装学院学生#引发网络热议，求职过程中被套路、遭遇骗局怎么办？戳图学习↓八大求职骗局和防骗锦囊送给你！（@央视新闻）,,,央视新闻,"普法君微知识,官方回应公司拒录山东服装学院学生",0,14,12,2022-11-19 10:52,iPhone客户端,"['https://wx3.sinaimg.cn/large/9056280dly1h8a8yb6r57j20go0go0tu.jpg', 'https://wx2.sinaimg.cn/large/9056280dly1h8a8ybfnbnj20go0gogmx.jpg', 'https://wx4.sinaimg.cn/large/9056280dly1h8a8yc8p85j20go0go75l.jpg', 'https://wx1.sinaimg.cn/large/9056280dly1h8a8yawrmxj20go0go3zk.jpg', 'https://wx2.sinaimg.cn/large/9056280dly1h8a8ycg0hvj20go0gogma.jpg', 'https://wx2.sinaimg.cn/large/9056280dly1h8a8ycv8cxj20go0go75h.jpg', 'https://wx4.sinaimg.cn/large/9056280dly1h8a8yd65sqj20go0gowfl.jpg', 'https://wx2.sinaimg.cn/large/9056280dly1h8a8ybtkixj20go0gomyd.jpg', 'https://wx3.sinaimg.cn/large/9056280dly1h8a8ydprm9j20go0gomyi.jpg']",,
4837470153212598,MfILJdtK6,5794269940,南宁检察,#普法君微知识#【找工作的同学注意啦！收好这份实用防骗指南！】近日，#官方回应公司拒录山东服装学院学生#引发网络热议，求职过程中被套路、遭遇骗局怎么办？戳图学习↓八大求职骗局和防骗锦囊送给你！（@央视新闻）,,,央视新闻,"普法君微知识,官方回应公司拒录山东服装学院学生",6,26,17,2022-11-19 10:50,iPhone X,"['https://wx3.sinaimg.cn/large/006k8aiMgy1h8a8vrx9ohj30go0gojtu.jpg', 'https://wx4.sinaimg.cn/large/006k8aiMgy1h8a8vsce09j30go0go0uz.jpg', 'https://wx2.sinaimg.cn/large/006k8aiMgy1h8a8vssydcj30go0goq51.jpg', 'https://wx4.sinaimg.cn/large/006k8aiMgy1h8a8vt7488j30go0go76i.jpg', 'https://wx1.sinaimg.cn/large/006k8aiMgy1h8a8vtm5vuj30go0gogn0.jpg', 'https://wx4.sinaimg.cn/large/006k8aiMgy1h8a8vu6z3lj30go0goq4y.jpg', 'https://wx1.sinaimg.cn/large/006k8aiMgy1h8a8vul4xij30go0gojts.jpg', 'https://wx1.sinaimg.cn/large/006k8aiMgy1h8a8vrb5k9j30go0goacg.jpg', 'https://wx4.sinaimg.cn/large/006k8aiMgy1h8a8vv14dxj30go0gomz9.jpg']",,
4837456404285571,MfIpyhYS7,5995401110,项亮WB,张家界新娘事件和山东服装职业学院事件再次加大了男女间的不信任感大家对进入婚姻的恐惧你觉得当前对婚姻不忠者的处罚够不够1，太轻2，已经很重了——项亮,,,,,0,2,5,2022-11-19 09:55,iPhone 12,['https://wx4.sinaimg.cn/large/006xK5HUgy1h8a7ayxhlwj30qo0qowj5.jpg'],,
4837452877140983,MfIjRtXH9,7246738064,與戞之欈,#山东服装职业学院超话##山东服装职业学院超话#山东服装职业学院我真的觉得这是他是和这个时代的丑恶的一种斗争。,,,,山东服装职业学院超话,0,0,1,2022-11-19 09:41,山东服装职业学院超话,['https://wx2.sinaimg.cn/large/007UqzC0ly1h8a6vhav6xj31400u0gqk.jpg'],,
4837435287014923,MfHRutqTV,7792872958,佩琪今晚不吃饭,男的不觉得自己长得很挫，行为很失礼么？男人什么时候能够懂得尊重女性的选择自由啊？结婚也不是很久，不合适就离了啊，搞得现在全国都知道，男生是想毁了女生去的#为爱冲锋的勇士##山东服装职业学院##诡计多端穷男人##张翰#,,,,"为爱冲锋的勇士,山东服装职业学院,诡计多端穷男人,张翰",2,22,3,2022-11-19 08:31,iPhone客户端,,,
4837434552750272,MfHQjbxte,7792872958,佩琪今晚不吃饭,#山东服装职业学院#女生已经升本科了，眼界跟见识，肯定是男生不能比的，男生要真的爱她，就应该让她追求自己的幸福。,,,,山东服装职业学院,0,42,26,2022-11-19 08:28,iPhone客户端,,,
4837433093128877,MfHNXd7XL,6259291358,世话假说,#山东服装职业学院王佳颖#人见人上的马桶，这么肮脏的女人他老公怎么下的了口？,,,,山东服装职业学院王佳颖,0,1,2,2022-11-19 08:23,HUAWEI P30,,,
4837331234194344,MfF9FhB8I,6679346832,姚北玄,山东服装职业学院或许有些人，早已把自己在九年义务教育中学的那些东西，在社会上都已经磨得平平淡淡，毫无一点，保留了，但是我相信，这个世界上绝对不会缺少，有良知的人，我对这件事情不予评价，但是我们要，值得警惕的是，某些势力，有可能会对这件事下黑手，所以，紧盯网上的一些人，他们可都是行走的20万,,,,,0,0,2,2022-11-19 01:38,山东服装职业学院超话,,,
4837323303289795,MfEWSdNPd,1909787275,蓝天下的花开,#山东服装职业学院#逼你太美,,,,山东服装职业学院,0,2,9,2022-11-19 01:06,Redmi Note 11 Pro,,,
4837316366172874,MfELGpTQu,2718913120,幽默大爆炸,#为爱冲锋的勇士##山东服装职业学院#为爱冲锋的勇士，其实你已经赢了,,,,"为爱冲锋的勇士,山东服装职业学院",0,1,69,2022-11-19 00:39,新版微博 weibo.com,"['https://wx1.sinaimg.cn/large/002Y0hvqly1h89r80gc18j60j61d6n1s02.jpg', 'https://wx2.sinaimg.cn/large/002Y0hvqly1h89r80kz1gj60j61d4gpl02.jpg', 'https://wx2.sinaimg.cn/large/002Y0hvqly1h89r80pzgjj60j61d4gqw02.jpg']",,
4837292302670631,MfE8SbcKH,3223212233,搞笑小鱼儿,你是真该S啊！！！山东服装职业学院#超能新星汇##新星v计划##亿点曝光计划#L搞笑小鱼儿的微博视频,,,,"超能新星汇,新星v计划,亿点曝光计划",0,0,1,2022-11-18 23:03,微博视频号,,"http://f.video.weibocdn.com/u0/syPhcXDagx080T1Y3FB601041200l1Vz0E010.mp4?label=mp4_720p&template=720x720.24.0&ori=0&ps=1BVp4ysnknHVZu&Expires=1669343931&ssig=MWSLMz1Kde&KID=unistore,video",
4837258299704983,MfDg1EIHZ,6624782994,圈内容嬷嬷,#山东服装职业学院#在校男友开直播回应了，否认参与殴打男主。#为爱冲锋的勇士##吃瓜#L圈内容嬷嬷的微博视频,,,,"山东服装职业学院,为爱冲锋的勇士,吃瓜",25,47,151,2022-11-18 20:48,容嬷嬷俱乐部超话,,"http://f.video.weibocdn.com/o0/3rFueBwXlx080SSGMJxm010412009WXS0E010.mp4?label=mp4_hd&template=464x960.24.0&ori=0&ps=1BVp4ysnknHVZu&Expires=1669343931&ssig=nBanIBcr5e&KID=unistore,video",
4837252469621931,MfD6CEn6r,7654446036,止于密西西比,山东服装职业学院笑死，一群人急着洗那个女的？还有人说那个女的那么漂亮，漂亮你🐴？就她那张大饼脸你说她长的漂亮？还抛开出轨不谈不谈出轨我跟你谈你亩呢？还特么整出个新时代女性，中国女性要是全像你们这群傻🐶一样早玩完了，真是什么钱都收，无论你们再怎么努力给她洗白也掩盖不了她以是臭水沟里的老鼠，这件事会伴随着她的一生，她一生都摘不掉这件事,,,,,0,2,6,2022-11-18 20:25,山东服装职业学院超话,,,
4837196270405912,MfBDZ1HAY,7698616715,喵熏白兰地,山东服装职业学院没什么好说的了，兄弟们下次找女朋友时记得看下她微博，避免碰上披着女拳外皮的鸡，很脏很恶心的,,,,,0,0,0,2022-11-18 16:42,山东服装职业学院超话,,,
4837196026872198,MfBDAsPLU,5537989668,你在看什么好东西,#女生到底介不介意男友矮#都怪山东服装学院的男主身高不够，该,,,,女生到底介不介意男友矮,0,0,1,2022-11-18 16:41,微博轻享版,,,
4837179665156655,MfBdclDtR,5082246421,贺朝朝朝,#山东服装职业学院超话#哎呦看了一些女性的发言真把我恶心坏了，就事论事这件事男的好惨，那女的真恶心就这事还骂男的呢他错在哪儿了不要是个男的都骂，你家里没教过你怎么做人呐？真就微博女厕所呗,,,,山东服装职业学院超话,0,2,9,2022-11-18 15:36,OPPO Reno4 SE 5G,,,
4837150488530184,MfAs8zN5C,7098890687,小吕又想小张了,网络上有真实的吗？就因为她一个人给她学校名声搞臭，我看就是剧本她70多万粉，她老公30多万，今天还祝她老公生日快乐剧本无疑了#山东服装职业学院王佳颖#,,,,山东服装职业学院王佳颖,0,28,7,2022-11-18 13:40,iPhone客户端,['https://wx1.sinaimg.cn/large/007KqdKTly1h8983aowpbj30wi1ych4v.jpg'],,
4837149045688497,MfApOnRPX,5205918577,嘿超有型,山东服装职业技术学院山东服装职业技术学院烂人一个就烂人一个，还搁那请水军洗，呸，恶心🤢,,,,,0,0,10,2022-11-18 13:34,山东服装职业技术学院超话,['https://wx2.sinaimg.cn/large/005GjveFgy1h897ztu702j30k00rkk7m.jpg'],,
4837148630455790,MfAp91Uzs,6614314366,南俊哥哥的毒唯,山东服装职业学院这什么情况网友造谣还是怎么说你们说啥为爱冲锋人家夫妻俩搁这过生日呢我不理解了,,,,,0,4,1,2022-11-18 13:32,山东服装职业学院超话,['https://wx1.sinaimg.cn/large/007dCZjMgy1h897xbp9ydj30wi1ycnhw.jpg'],,
4837141165114426,MfAd6lsuK,7344712981,论历史,#山东服装职业学院#好家伙，被开始敛财了！！！#为爱冲锋的勇士#,,,,"山东服装职业学院,为爱冲锋的勇士",1,27,89,2022-11-18 13:03,热点超话,"['https://wx3.sinaimg.cn/large/00813FmBly1h8973jkiycj30p71eeq65.jpg', 'https://wx3.sinaimg.cn/large/00813FmBly1h8973juharj30qy12v0w2.jpg']",,
4837133703970885,MfA14gF0x,5949613090,kuziW,刚刚微博看到一句话无论男女只要出轨就应该被唾弃确实是这样心动是本能而忠诚是选择我们都想要一份心里只有对方的纯净专一的感情如果某一方开始对别的人感兴趣了那只能说明当初的真心已经变味了但是即使这样也不要丧失爱一个人的勇气永远有人爱你永远做为爱冲锋的勇士山东服装职业学院,,,,,0,0,2,2022-11-18 12:33,山东服装职业学院超话,,,
4837120419562824,MfzFDE7J6,7142588908,plethora123,山东服装职业技术学院看到恋爱脑的女生气死了，看到王佳颖心里才有些安慰，希望这世界多一些王佳颖，少一些王宝钏。,,,,,0,13,14,2022-11-18 11:40,山东服装职业技术学院超话,,,
4837087284825491,MfyOckfkv,5281221162,支持武统台湾,山东服装职业学院王佳颖道歉，道德沦丧的尽头就是毁我三观?O网页链接,,,,,0,0,3,2022-11-18 09:29,vivo浏览器,['https://wx1.sinaimg.cn/large/005LpsSuly1h890wk6vk8j305k05kdg0.jpg'],,
4837070105217011,MfymulTbl,5268789198,么西么西悠悠酱,山东服装职业学院我只想说出轨的那个女的.1V5.她怎么就那么贱,,,,,0,2,6,2022-11-18 08:20,山东服装职业学院超话,,,
4837070038111566,Mfymny2bI,6471172499,77369环游世界,#山东服装职业学院#就算你花钱养我，但我每天学习都这么苦，难道还要苦逼？,,,,山东服装职业学院,0,0,10,2022-11-18 08:20,iQOO Z6,,,
4837056544508228,Mfy0CiUNm,7277585365,顾逸吹泡泡,恭喜山东服装职业学院的学生失业,,,,,0,0,2,2022-11-18 07:26,荣耀20 PRO,['https://wx3.sinaimg.cn/large/007Ww0p7gy1h88xddepmuj30u03v8ds9.jpg'],,
4837056084444497,MfxZSiEdr,3256236032,姚灿yaocan,今天来曝光一个人，山东省泰安市泰山区服装职业学院女生王佳颖背叛男友婚内出轨，事后虚情假意的道歉，然后发布小作文大言不惭不知恬耻的把矛头和错误全部指向男生，把自己伪装成一个无辜的人，毫无悔改之意，像这种人活该单身一辈子，请大家相互转发，一定要让这个人出名，让所有人都认识一下她，还男生一个公道。@中国新闻网@星视频@澎湃新闻@头条新闻@山东广播电视报,,咸宁·赤壁市机电信息技术学校,"中国新闻网,星视频,澎湃新闻,头条新闻,山东广播电视报",,2,29,8,2022-11-18 07:25,荣耀畅玩20,['https://wx2.sinaimg.cn/large/c2163800gy1h88xbr8dxrj20dz0faq3o.jpg'],,
4837028597858748,MfxhxwYq0,5524188293,吾好梦中杀,山东服装职业学院为什么还没给处理结果，是有什么隐情吗还是说女的在学校睡的人太多了，势利太大了吗。不会是睡了几百人不敢处理吧。,,,,,0,1,1,2022-11-18 05:35,山东服装职业学院超话,,,
4837010172280981,MfwNP9zo1,5495119853,悲伤幸福泪,"#山东服装职业学院超话#我作为一个男的，我也觉得男的下头了。我结婚5年工资从5千变成了2w,最后和我另一个同事好了，她知道了来找我闹，这结婚这段时间她从来没上班，都是我养着的我工资变高了我在提升她再干啥天天在家耍？有理由找我闹？真下头，毕竟上班的时候都是另一个在陪伴我",,,,山东服装职业学院超话,2,8,3,2022-11-18 04:22,荣耀30青春版 5G,,,
4837007463023187,MfwJscGt5,6505562424,芙蕾雅qq,最新刷小红书感觉看到好多长得像山东服装设计学院的女主。不管是拍照姿势还是化妆妆容。。。。。。。。这些三观。。。。。,,,,,0,0,0,2022-11-18 04:11,真我GT Neo,,,
4836973490210967,MfvQF0SSH,2130547975,团团你说句话啊团团,#为爱冲锋的勇士#山东服装职业学院是精神分裂了吗🤷🏻‍♀️真的很恐怖@黑猫警长的副手,,,黑猫警长的副手,为爱冲锋的勇士,0,7,28,2022-11-18 01:56,iPhone客户端,"['https://wx2.sinaimg.cn/large/7efd9507ly1h88nti1m5zj20u01bpqch.jpg', 'https://wx2.sinaimg.cn/large/7efd9507ly1h88ntil6h4j20tw1dydnb.jpg']",,
4836953331336436,Mfvk95BFq,2667676483,鱼大葱名,山东服装职业学院有没有想要在学校卖热奶宝的～提供所有东西！,,,,,0,0,0,2022-11-18 00:36,山东服装职业学院超话,,,
4836947648058266,MfvaYxOk2,7538557555,Enchant_mint,山东服装职业学院:技校是必然的苦逼是不能的木琴是趋势的族谱是无字的婚检是不敢的孩子是同学的,,,,,0,0,2,2022-11-18 00:14,山东服装职业学院超话,"['https://wx3.sinaimg.cn/large/008eb1bZgy1h88kvj9zjwj308p09q3zh.jpg', 'https://wx4.sinaimg.cn/large/008eb1bZgy1h88kvjsdv4j30k00khq5n.jpg']",,
4836920180608364,MfusG2ygk,6886226552,个十百万千亿,山东服装职业学院我想问一下，有没有大三的学姐学长能回答一下，校荐是按什么成绩的啊,,,,,0,36,151,2022-11-17 22:24,山东服装职业学院超话,,,
4836914509386998,MfujwDnZc,6153111593,依依宝-fly,#官方回应公司拒录山东服装学院学生#都说了只是表明一下态度，对这种bz表示鄙视，同时也想通过这个操作让学校的学生也都以她为耻，具体都不一定有来投简历的，还说什么要不要得呢，相当于我声明制裁美国,,,,官方回应公司拒录山东服装学院学生,0,0,1,2022-11-17 22:02,iQOO Neo5 生而为赢,,,
4836912920004021,MfugY012R,6622020924,小瞿爱学习,山东服装职业学院我就来看看王佳颖退学了没感觉她好有钱一直找人帮她洗白花的都是勇士的钱吧,,,,,0,3,5,2022-11-17 21:56,山东服装职业学院超话,,,
4836911342685996,MfueqbgKw,7763132406,宋嘉怡200408,山东服装职业学院,,,,,0,0,0,2022-11-17 21:49,山东服装职业学院超话,,,
4836901389863411,MftYmFnVh,6418622682,山东服装学院记者团,山东服装职业学院天气预报明天有雨伙伴们记得带伞哦,,,,,0,0,10,2022-11-17 21:10,山东服装职业学院超话,['https://wx3.sinaimg.cn/large/0070nSYily1h88fk7ib3nj30u019bwkl.jpg'],,
4836899607285684,MftVuuzl2,3917203207,超大的大列巴面包,山东服装职业学院王佳颖MB货,,,,,0,1,11,2022-11-17 21:03,山东服装职业学院超话,"['https://wx2.sinaimg.cn/large/e97bc707ly1h88fcliqilj20u01dxdjv.jpg', 'https://wx1.sinaimg.cn/large/e97bc707ly1h88fclsivsj20u01dx0xs.jpg']",,
4836899028734203,MftUyAEaf,7761858876,温禾呀,在这个世界上，会遇到很多很优秀的人，人们会习惯性的向优秀的人靠近，但人应该有正确的三观，忠诚是道德。#山东服装职业学院#,,,,山东服装职业学院,0,1,6,2022-11-17 21:00,HUAWEI Mate 30 5G,,,
4836876920556520,MftkU2kM8,7062682649,寻利利奥,山东服装学院学校能不能处理啊，事情大了，连累这么多应届生,,,,,0,1,3,2022-11-17 19:33,山东服装学院超话,,,
4836867432778512,Mft5BbEOI,5478732365,旭日锐,山东服装职业学院再洗那个大脸盘子就诅咒她也被绿,,,,,0,0,1,2022-11-17 18:55,山东服装职业学院超话,,,
4836854253486180,MfsKleCUI,6557603504,八方小姐姐,厦门某公司回应“拒绝录用山东服装学院的学生”L八方小姐姐的微博视频,,,,,0,0,1,2022-11-17 18:03,微博视频号,,"http://f.video.weibocdn.com/o0/hrRUZL24lx080R4owj8Y010412005HFL0E010.mp4?label=mp4_720p&template=720x1280.24.0&ori=0&ps=1BVp4ysnknHVZu&Expires=1669344112&ssig=SAtsn8mKgP&KID=unistore,video",
4836847018574952,MfsyFzYJG,7021399774,凌明来临,山东服装职业学院鸡校还招人吗？啥价位,,,,,0,0,5,2022-11-17 17:34,山东服装职业学院超话,,,
4836831713823290,Mfs9Zg2BY,5779210092,浩hao不开心,pdd这波666赶上潮流山东服装职业学院,,,,,0,0,1,2022-11-17 16:33,iPhone客户端,"['https://wx2.sinaimg.cn/large/006j6Yy0gy1h887jnh5fzj30u01sxn55.jpg', 'https://wx3.sinaimg.cn/large/006j6Yy0gy1h887jksfcoj30u00u00uc.jpg']",,
4836821052425729,MfrSNab2F,6863675805,绊木冬,山东服装职业学院不懂就问，俩人的事为什么现在又扯到了男性女性的立场上了？不管谁先带起的头我都觉得有点太夸张了吧两个人的事为什么要这么刚硬的以男性女性的主语带节奏呢……难道……,,,,,0,13,39,2022-11-17 15:51,山东服装职业学院超话,,,
4836817243211298,MfrMEdtp8,6231721499,小陈他有话说,山东服装职业学院我为仙女感到不公，为什么是我仙女的错？她只是想要追求爱情，仙女虽然长得丑，看着没什么文化底蕴，但是她愿意为了自己的身体勇敢追求属于自己的幸福她！她！又做错了什么？结了婚就不能钓凯子了？结了婚就不能跟别的男人谈情说爱了，结了婚就不能生别人的小孩了？你说你爱我，难道不应该爱我的全部？然后默默的接受这一切嘛？我是你老婆，你给我花钱是应该的，因为我是你老婆，我是你老婆给你带帽子这也不是我的错，人都会犯错，我都不说什么了，你们为什么还揪着不放呢？我搞不懂，哎这个社会对于我这种人真的是太不友好了，那我只能是听天由命啦！！！,,,,,0,2,2,2022-11-17 15:35,山东服装职业学院超话,,,
4836784456601860,MfqVLrHrC,2879382410,桐树衣颜,任何人说山东这件事扯上男女这俩字的，都是铁畜牲。这是一个人类在婚内受另一方供养的情况下出轨另一个人类，跟有没有几把有没有逼都没关系。作为一个人类，这个人的道德操守不行。其行为不配为人。而且这个学校既然没有高调正面解决，那这些企业禁录取该校生源也很正常。学生的利益就是和学校名誉挂钩的。别管是不是蹭热度，人家的企业，人家发公告有毛病么？这事挺好。算是又给中国的离婚率结婚率添砖加瓦了。这一帮给出轨洗地的，应该是怕自己以后出轨受同等对待吧。山东服装职业学院#山东专升本#,,,,山东专升本,0,0,2,2022-11-17 13:25,微博轻享版,,,
4836782124041813,MfqS0gXsx,7794554950,美女也会走神hhh,山东服装职业学院作为一个女的我都有点看不下去了本来就是那女的错一群人还在那里洗有什么好洗的？你是洗衣机吗？洗衣机都没你那么能洗？但凡是有脑子的人都不会说出那些话你是没有脑子吗？人类进化的时候你是躲起来了吗？就你还新时代独创女性别了吧婚后出轨真不要脸,,,,,0,3,13,2022-11-17 13:16,山东服装职业学院超话,"['https://wx3.sinaimg.cn/large/008vv9Oely1h881uuf06pj30u00rpjuf.jpg', 'https://wx1.sinaimg.cn/large/008vv9Oely1h881uv92bgj30u00t076e.jpg']",,
4836782111986316,MfqRZ8kJm,2098765813,hubutoujibanjuduo,【老高爱八卦】近日，福建厦门的一家公司表示，拒绝录用山东服装学院的一切学生！这让人不禁感慨：一颗老鼠屎坏明确站队，有公司支持“奔跑哥”：拒绝录用山东服装学院学生。学生：这真是躺枪！男人都这这样有力度……。女人遇到对方出轨的事……。成龙媳妇……。刘强东媳妇……。大佬如此，没上台面的更多吧？跟人家大学全体毕业生有关系吗？O网页链接,,,,,0,0,0,2022-11-17 13:16,UC浏览器Android,['https://wx2.sinaimg.cn/large/7d189ff5ly1h881t3d9uaj20u00gvdie.jpg'],,
4836781175870063,MfqQtoD4r,7611002044,造谣传谣4000加,#山东服装学院#挂个支持出轨的畒狗@喜欢丸子吗没理就拉黑，不愧是xxn，别人当女性你当畒狗,,,喜欢丸子吗,山东服装学院,0,2,1,2022-11-17 13:12,微博轻享版,['https://wx1.sinaimg.cn/large/008j4Zjuly1h881r9iip6j30u01uowq6.jpg'],,
4836780932864210,MfqQ5c16W,7727640121,忘忧情话,表妹才是最强的僚机山东服装职业学院#为爱冲锋的勇士##山东服装职业学院#L忘忧情话的微博视频,,,,"为爱冲锋的勇士,山东服装职业学院",0,4,1,2022-11-17 13:11,山东服装职业学院超话,,"http://fb.video.weibocdn.com/o8/dTv50PQqlx080QMqdBF60104120047zA0E018.mp4?label=mp4_720p&template=720x1280.24.0&ori=0&ps=1BVp4ysnknHVZu&Expires=1669344161&ssig=RInunwsRxv&KID=unistore,video",
4836769264574156,MfqxgjbWI,6408615533,向杨而苼,这速度#亿点曝光计划##山东服装职业学院#,,,,"亿点曝光计划,山东服装职业学院",2,0,40,2022-11-17 12:25,小米11 Pro,['https://wx1.sinaimg.cn/large/006ZHTEFly1h880dwzzc9j30k014sgnv.jpg'],,
4836754324720754,Mfq9ajO5c,7727640121,忘忧情话,这样的身材也有好处山东服装职业学院#山东服装职业学院##为爱冲锋的勇士#L忘忧情话的微博视频,,,,"山东服装职业学院,为爱冲锋的勇士",0,0,2,2022-11-17 11:25,山东服装职业学院超话,,"http://fb.video.weibocdn.com/o8/KRS289u2lx080QF9Ahde010412003OOT0E018.mp4?label=mp4_720p&template=720x1280.24.0&ori=0&ps=1BVp4ysnknHVZu&Expires=1669344161&ssig=YPwUtRr17t&KID=unistore,video",
4836746057222759,MfpVPuiY7,6285461671,心的小卖店,近日，山东服装职业学院，一在校学生因感情问题引发网友的热议。网传一公司“拒绝录用山东服装学院一切学生”。11月14日，工作人员回应：确实发布该通知，发布人已被降级。#新奇生活研究所##新奇态度大观#L心的小卖店的微博视频,,,,"新奇生活研究所,新奇态度大观",0,0,0,2022-11-17 10:53,微博视频号,,"http://f.video.weibocdn.com/o0/glSWzVe2lx080QCT6XYQ010412003Kr40E010.mp4?label=mp4_720p&template=720x1282.24.0&ori=0&ps=1BVp4ysnknHVZu&Expires=1669344161&ssig=rOUroa6PiM&KID=unistore,video",
4836745742652447,MfpVkb81p,5321555791,不正经的小泰迪,山东服装职业学院趁机问一下，有没有可以交易的女大学生？可私聊,,,,,0,0,0,2022-11-17 10:51,山东服装职业学院超话,,,
4836739862236319,MfpLQ9nLF,5534259950,久伴不离_cc,山东服装职业学院人家第一次专升本，怎么不算初升呢,,,,,0,0,2,2022-11-17 10:28,山东服装职业学院超话,,,
4836738482046759,MfpJC8Asf,6602078482,环博汇,上升到排斥学校的地步，这显然是不明智的，那样对该校的学生，实在是太不公平了#为爱冲锋的勇士##山东服装职业学院王佳颖##跨境电商##涉事公司回应拒绝录用山东服装学院学生#发布了头条文章：《拒绝录用山东服装学院一切学生？某跨境物流公司被推上舆论的风口浪尖》O拒绝录用山东服装学院一切学生？某跨境物流公司被推上舆论的风口浪尖,,,,"为爱冲锋的勇士,山东服装职业学院王佳颖,跨境电商,涉事公司回应拒绝录用山东服装学院学生",0,1,0,2022-11-17 10:22,微博 weibo.com,,,
4836731038206744,MfpxByqWQ,5327265557,中二的小鲲,甘肃农业大学贵校网络安全中心的工作我是认可的，业务非常熟练。@山东服装学院学生会多学学人家,,,山东服装学院学生会,,0,0,0,2022-11-17 09:53,甘肃农业大学超话,,,
4836728193418376,Mfpt1elh6,6508967281,大飞大飞大大飞飞飞飞,山东服装职业学院这种学校,,,,,0,0,0,2022-11-17 09:42,山东服装职业学院超话,,,
4836722301210621,Mfpjw54W9,5867573983,喂为了爱,山东服装职业技术学院为啥女方能洗白？女方有团队，多豪横，刚才我发的都是女方一手策划的。（注意我不是该学校学生一切都是本人的猜测，请勿乱喷我，谢谢你们的配合！）,,,,,0,0,5,2022-11-17 09:18,山东服装职业技术学院超话,,,
4836715468163262,Mfp8uyfDw,3565270572,-静秋啊,#拼夕夕##拼夕夕探店##山东服装职业学院#拼夕夕真是神奇,,,,"拼夕夕,拼夕夕探店,山东服装职业学院",0,2,7,2022-11-17 08:51,iPhone客户端,['https://wx3.sinaimg.cn/large/d481b62cgy1h87u7l39a6j20u01sytgr.jpg'],,
4836709982277991,MfoZE9yBN,6332274561,09夜尽天明07,#山东服装职业学院超话#女生必须开除学籍！,,,,山东服装职业学院超话,0,2,3,2022-11-17 08:29,荣耀X10 5G,,,
4836707205384537,MfoVamALn,6995279288,目力先辈114,南京艺术学院#南京艺术学院##山东服装职业学院#我宣布杨亦晨先生和王佳颖女士原地结婚,,,,"南京艺术学院,山东服装职业学院",0,1,24,2022-11-17 08:18,南京艺术学院超话,,,
4836705842246576,MfoSY9qr6,5522134447,盛海两万里,山东服装职业学院为什么这两个人要结婚啊都那么没能力结了婚能干嘛，男生这些行为也是把狼狈至极四个字演绎的淋漓尽致了，骑着共享单车跑那么远，对面男的知道都要笑亖了。女生忘恩负义，脚踩两条船当然也不是什么好东西，总有一天因果报应，当然我觉得现在这个结果已经算很糟糕了。真的很不理解为什么要结婚，什么为爱冲锋的勇士，像是恋爱脑自食恶果的疯子#为爱冲锋的勇士#,,,,为爱冲锋的勇士,0,7,5,2022-11-17 08:13,山东服装职业学院超话,,,
4836694660748660,MfoAW38La,7716410380,冒昧的飞哥,#官方回应拒录山东服装学院学生希望涉事企业能及时堵塞管理运营上的漏洞，确保企业自身能够沿着正确的方向前进。L冒昧的飞哥的微博视频,,,,,0,0,0,2022-11-17 07:28,微博视频号,,"http://f.video.weibocdn.com/o0/5ZJXjCFdlx080QoSESYg010412009Gzv0E010.mp4?label=mp4_720p&template=576x1024.24.0&ori=0&ps=1BVp4ysnknHVZu&Expires=1669344253&ssig=yV2NFDYnJY&KID=unistore,video",
4836692223854711,Mfox0gaML,6035696072,ggrock66,#山东服装职业学院#我记得上一个好像是先抑郁又保研的。这个怎么说了。啥时候保研了？#山东服装职业学院#,,,,山东服装职业学院,0,4,4,2022-11-17 07:19,vivo Y30标准版,,,
4836665745736035,MfnQio4cH,6451768509,预言机小小,#吃瓜#山东服装职业学院为爱冲锋于山东服装职业学院“男女主角”,,,,吃瓜 ,0,1,0,2022-11-17 05:33,Xiaomi 12 Pro,"['https://wx4.sinaimg.cn/large/0072CXIpgy1h87ohyhxrkj30ct0ixwf1.jpg', 'https://wx2.sinaimg.cn/large/0072CXIpgy1h87ohysobmj30ah0knmxx.jpg', 'https://wx4.sinaimg.cn/large/0072CXIpgy1h87ohz5zb6j30gf0v9abu.jpg']",,
4836624272196829,MfmLp9duJ,6226679945,Wilson想要学士学位,山东服装职业技术学院18570602223这个是沸羊羊的phonenumber,,,,,0,0,0,2022-11-17 02:49,山东服装职业技术学院超话,,,
4836621017154788,MfmG9u1hO,6303985652,忧国忧民汉弗莱爵士,吃席都没逛这个山东服装职业学院有意思！哈哈哈哈哈哈哈哈哈不过，我还是觉得大家应该更多的去批判出轨者而不是过度吹捧那男的,,,,,0,0,7,2022-11-17 02:36,山东服装职业学院超话,['https://wx2.sinaimg.cn/large/006SCSDWly1h87jcwn6s8j30u00u0gpc.jpg'],,
4836612246079326,Mfms0pvvE,6929289834,永远都是好吧,#山东服装职业学院#养鸡学校我想进读书只为了里面有学生只要玩的开心学业无所谓里面学生真多玩起来也舒服,,,,山东服装职业学院,0,2,6,2022-11-17 02:01,OnePlus 8T,,,
4836606752064254,Mfmj98F0q,6703281316,北郭先生186,山东服装职业技术学院婚内出轨正常？我不知道，你们这些人还有啥道德可言？也许是，你们的底线就是不违法，你们根本就没道德。但是，婚内出轨，如果同居的现在也是要判刑的，就看小伙子有没有证据了,,,,,0,0,5,2022-11-17 01:39,山东服装职业技术学院超话,,,
4836601458591427,MfmaBA31p,7605483348,鲨雕视频,厦门某公司回应“拒绝录用山东服装学院一切学生”：对学校处理方法看不下去，想表达自己的看法L鲨雕视频的微博视频,,,,,0,0,0,2022-11-17 01:18,微博视频号,,"http://f.video.weibocdn.com/o0/oJpQ8nMZlx080PZrKIIU0104120034MY0E010.mp4?label=mp4_720p&template=576x1024.24.0&ori=0&ps=1BVp4ysnknHVZu&Expires=1669344253&ssig=ffSXRjHuYT&KID=unistore,video",
4836599978264585,Mfm8dyFZL,7513133179,总有太监来骂朕,湾湾，快点回家吧，别再想着搞乱自己的祖国了。山东服装职业学院,,,,,0,1,22,2022-11-17 01:12,山东服装职业学院超话,,,
4836596845380720,Mfm3amzLO,7727640121,忘忧情话,现在的女主播都不会通马桶吗山东服装职业学院#女主播#L忘忧情话的微博视频,,,,女主播,0,0,0,2022-11-17 01:00,山东服装职业学院超话,,"http://fb.video.weibocdn.com/o8/e9ttKc0wlx080PYb9WxW010412003zIL0E018.mp4?label=mp4_720p&template=720x1280.24.0&ori=0&ps=1BVp4ysnknHVZu&Expires=1669344305&ssig=qYCMrzM%2BMh&KID=unistore,video",
4836592138586760,MflVzA1O8,7703130610,古来三千,《水调歌头.山东.闻纯爱战士为爱冲锋》气改十月冬，天约北风冷。何人为写孤愤，单骑走山东。憔悴众里谁识，怒发不由面遮，普天谁与共。空只凭两手，战罢牛头人.世情薄，交欢恶，悲难多。哽泪实心方寸，为别家出落。红份销从新章，恩义泯然他诺，病怀孰痛多。怎料一人心，不由真情得#纯爱战士##为爱冲锋的勇士#山东服装职业学院,,,,"纯爱战士,为爱冲锋的勇士",0,0,0,2022-11-17 00:41,山东服装职业学院超话,"['https://wx2.sinaimg.cn/large/008pjya6gy1h87g1j4k07j30jk0ogdj8.jpg', 'https://wx1.sinaimg.cn/large/008pjya6gy1h87g1jwubej30u01egwi1.jpg']",,
4836587793549237,MflOzeTjL,7277585365,顾逸吹泡泡,泰州又多了一家公司，完整版我就不发了，截止目前共有三十一家公司拒绝录用山东服装职业学院的学生，私人营业的没去统计过，部分中介也不收，怎么说呢，等着吃土吧，特别针对那些三观不正的人和学（chu）生,,,,,1,2,4,2022-11-17 00:24,泰州超话,['https://wx2.sinaimg.cn/large/007Ww0p7gy1h87fh0oxyaj30u01t0gw0.jpg'],,
4836575759827464,Mflv9Fezu,1584980751,手机用户1584980751,山东服装学院王同学领了结婚证，还同时有多个男友，在学校也毫不掩饰，绝对挑战中国人的三观。你觉得现在的人很开放，你可知这些年欧美因为婚外情被迫辞职的官员一堆，性解放的发源地也是讲究伦理道德的。你觉得可以选择自己的喜欢的生活，不顾世人的眼光。可是你的孩子将来在学校被人嘲笑，他一定有你这样的心理承受能力？中国有个政审，你应该听说过吧。你的孩子或孙子如果能进政府部门，因为你政审没通过。或者有机会进入豪门，却因为你的事不了了之，你会后悔吗？还有，被一个人打脸和在众人面前打脸是不一样的，因为互联网，你的丈夫实际上是在全中国人面前被打脸。你那些没有底线的言行，就不怕他一时冲动，失去理智。人生就是一个多结局的游戏，一定要去挑战死亡结局吗？如果王同学以后就不想结婚生孩子，就当我啥也没说。,,,,,0,0,0,2022-11-16 23:36,微博极速版,,,
4836567199781744,MflhlF2G4,7727640121,忘忧情话,我明白，她只是想通过这种方式吸引我的注意力山东服装职业学院L忘忧情话的微博视频,,,,,0,1,0,2022-11-16 23:02,山东服装职业学院超话,,"http://fb.video.weibocdn.com/o8/89TwSsWUlx080PQ4VSCA010412004JwK0E018.mp4?label=mp4_720p&template=720x1280.24.0&ori=0&ps=1BVp4ysnknHVZu&Expires=1669344305&ssig=wrF21T12JA&KID=unistore,video",
4836562179457806,Mfl9fDGpg,6765909637,卡布奇洛1983,山东服装职业学院话说，一直没有正式的通报吗，想知道结局咋样,,,,,0,1,1,2022-11-16 22:42,山东服装职业学院超话,,,
4836556777201258,Mfl0xudnk,6183821350,星星片场,“看不下去，想表达自己想法”，厦门一公司回应“拒绝录用山东服装学院一切学生”#社会百态#L星星片场的微博视频,,,,社会百态,0,0,1,2022-11-16 22:20,微博视频号,,"http://f.video.weibocdn.com/o0/FOshmuQllx080PlaoHqU010412006KI60E010.mp4?label=mp4_720p&template=720x1280.24.0&ori=0&ps=1BVp4ysnknHVZu&Expires=1669344305&ssig=BG0RdUByXg&KID=unistore,video",
4836553664499901,MfkVwiSD3,5766406015,嘉然今天打球了吗,#童漠男脱5年度第七#山东服装职业学院没黑幕我是不信的，虽然护栏值得。,,,,童漠男脱5年度第七,0,0,0,2022-11-16 22:08,iPhone客户端,,,
4836552327040411,MfkTmtxx1,7702954193,_梅烦恼,山东服装职业学院转载一下,,,,,0,0,2,2022-11-16 22:03,山东服装职业学院超话,['https://wx2.sinaimg.cn/large/008piOgFly1h87bg8orsoj30qo17cqce.jpg'],,
4836546915604549,MfkKDnvZX,7152250649,沐夏丶Qing,#山东服装职业学院#我想问问谁那么大的本事让警方单独回复你？我怎么就那么不信。麻烦给谁回复的能站出来说说。,,,,山东服装职业学院,0,3,16,2022-11-16 21:41,OPPO Reno6 5G,,,
4836545142457994,MfkHMajr4,6418622682,山东服装学院记者团,山东服装学院1,,,,,0,0,0,2022-11-16 21:34,山东服装学院超话,,,
4836544987272067,MfkHwuvNp,6418622682,山东服装学院记者团,山东服装学院5,,,,,0,0,0,2022-11-16 21:34,山东服装学院超话,,,
4836544953713223,MfkHtfzYH,6418622682,山东服装学院记者团,山东服装学院9,,,,,0,0,0,2022-11-16 21:33,山东服装学院超话,,,
4836535490839475,Mfksd3wnV,1943694983,隐藏人物-osiris,山东服装职业学院这个事，确实触动到我了。其实有很多人在小小年纪都是为爱孤勇前行，拼搏到底，男女都有。当爱上一个不单纯，自私的人真的会很恶心人，像吃了一只苍蝇。我前些年也会像他一样，现在想想，自己也确实可笑。,,,,,0,0,0,2022-11-16 20:56,iPhone 12 mini,['https://wx2.sinaimg.cn/large/73da6e87ly1h879ixgo7hj20v90tn421.jpg'],,
4836514406075278,MfjUcpusm,6622428551,Macaria_Lin,山东服装职业学院所以到底是怎么个事,,北京,,,0,0,0,2022-11-16 19:32,山东服装职业学院超话,,,
4836512900320141,MfjRM1lhz,7331265341,神知道的笔,#官方回应公司拒录山东服装学院学生#,,,,官方回应公司拒录山东服装学院学生,0,0,1,2022-11-16 19:26,iQOO Z3 性能先锋,,,
4836500720324203,Mfjy81ml5,7602741247,一枝真秀,11月14日，厦门一公司回应拒绝录用山东服装学院学生看不下去，想表达自己的想法。L一枝真秀的微博视频,,,,,0,0,0,2022-11-16 18:38,微博视频号,,"http://f.video.weibocdn.com/o0/RldylE1zlx080PxXmnVm010412003Kxh0E010.mp4?label=mp4_720p&template=576x1024.24.0&ori=0&ps=1BVp4ysnknHVZu&Expires=1669344352&ssig=iR70vemF96&KID=unistore,video",
4836497007837671,Mfjs8wSW3,7012439985,我是一个不办会员的人,山东服装职业学院严重怀疑院长也和她有一腿，要么就是拿她照片打✈️,,,,,0,0,2,2022-11-16 18:23,山东服装职业学院超话,,,
4836492004298325,Mfjk4i2bP,1453706524,小记杨威,#官方回应公司拒录山东服装学院学生##鸿儒计划#这种对个别学生有意见就利用手中的权利上升并排斥学校的行为，未免格局有点小了，可笑又很幼稚！该公司解释发布通知是曹先生个人行为，但白纸黑字盖着公章可就不那么简单了，代表的就不仅仅是个人了。这到底是个人情绪的所谓还是相关公司蹭热搜翻车了呢？你怎么看！#拒录山东服装学院公司人事被停职#L小记杨威的微博视频,,,,"官方回应公司拒录山东服装学院学生,鸿儒计划,拒录山东服装学院公司人事被停职",4,6,17,2022-11-16 18:03,微博视频号,,"http://f.video.weibocdn.com/o0/1Lzi7HN4lx080PvzNaBq01041201snZA0E010.mp4?label=mp4_720p&template=720x1280.24.0&ori=0&ps=1BVp4ysnknHVZu&Expires=1669344402&ssig=0pvUDit6EF&KID=unistore,video",
4836491455106359,MfjjblqoD,3474738780,贵州司法,#普法君微知识#【找工作的同学注意啦！收好这份实用防骗指南！】近日，#官方回应公司拒录山东服装学院学生#引发网络热议，求职过程中被套路、遭遇骗局怎么办？戳图学习↓八大求职骗局和防骗锦囊送给你！（@央视新闻）,,,央视新闻,"普法君微知识,官方回应公司拒录山东服装学院学生",2,0,2,2022-11-16 18:01,新版微博 weibo.com,"['https://wx1.sinaimg.cn/large/cf1c4e5cgy1h874hbo7izj20go0goabt.jpg', 'https://wx4.sinaimg.cn/large/cf1c4e5cgy1h874hbw942j20go0go0uq.jpg', 'https://wx3.sinaimg.cn/large/cf1c4e5cgy1h874hc1np7j20go0go76a.jpg', 'https://wx3.sinaimg.cn/large/cf1c4e5cgy1h874hc8hfvj20go0gomyu.jpg', 'https://wx2.sinaimg.cn/large/cf1c4e5cgy1h874hce385j20go0gojsk.jpg', 'https://wx4.sinaimg.cn/large/cf1c4e5cgy1h874hcligwj20go0gowgc.jpg', 'https://wx2.sinaimg.cn/large/cf1c4e5cgy1h874hcs6xaj20go0gowg8.jpg', 'https://wx4.sinaimg.cn/large/cf1c4e5cgy1h874hcyug1j20go0gognh.jpg', 'https://wx1.sinaimg.cn/large/cf1c4e5cgy1h874hdt6vkj20go0gomz7.jpg']",,
4836491140275002,MfjiG19xw,7304984403,北京杜克律师事务所官方微博,发布了头条文章：《官方回应公司拒录山东服装学院学生》##官方回应公司拒录山东服装学院学生#O官方回应公司拒录山东服装学院学生,http://t.cn/A6osXrqk,,,,0,0,0,2022-11-16 18:00,微博 weibo.com,,,
4836490628825694,MfjhQB1XU,5986748439,安迪造福开运命理师,#山东服装职业学院王佳颖#欲望的眼神，你怕吗？背叛的代价太小，让这个社会出现太多这样人！爆光也不一定能唤醒沉伦的灵魂！,,,,山东服装职业学院王佳颖,1,3,17,2022-11-16 17:58,三星S20 5G,"['https://wx1.sinaimg.cn/large/006x9MKHly1h874b7s9z3j30pu0wwkgk.jpg', 'https://wx2.sinaimg.cn/large/006x9MKHly1h874b81js8j30rn1al7ce.jpg', 'https://wx3.sinaimg.cn/large/006x9MKHly1h874b89wmlj30pv18f4ld.jpg']",,
4836487386891861,MfjcCsUT3,6791357965,Skin·G,来，解释@坤坤最好的黑子山东服装职业学院,,,坤坤最好的黑子,,0,2,3,2022-11-16 17:45,山东服装职业学院超话,['https://wx1.sinaimg.cn/large/007pBQrHly1h87404n7tkj30v90ig7ab.jpg'],,
4836481406078988,Mfj2Ypvqc,5880091346,甘肃梓钊律师事务所,山东服装职业学院为爱冲锋视频中的女子是否构成重婚罪？岳菲律师,,嘉峪关·梓钊律师事务所,,,0,0,1,2022-11-16 17:21,小米10,['https://wx1.sinaimg.cn/large/006pWgn0ly1h873bog442j30u04tvhdt.jpg'],,
4836479485085534,MfiZSlkYK,5787187353,羊城派,"【“拒绝录用XX学院一切学生！”，招聘岂能搞“连坐”？】日前，有媒体报道，厦门某公司对外表示：“拒绝录用山东服装学院一切学生！""，网上还有微信聊天截图，要求所有子公司部门、合作商必须安排通知到位。这是怎么回事？O网页链接",,,,,0,0,1,2022-11-16 17:13,新版微博 weibo.com,['https://wx3.sinaimg.cn/large/006jErNvgy1h8733u8dx3j31420wvada.jpg'],,
4836474711974700,MfiSb8hI0,6601735201,等全体用户,山东服装职业技术学院强烈赞成女方观点！出轨无罪！不如这样，各位姐姐努努力，但凡有一个有点脑子的可以好好学学法，就把这条法条修改为婚内出轨无罪，毕竟最终收益的也都是各位仙女姐姐嘛另外顺便也将其他法条也修改修改毕竟这种事，最终的受益人都是女孩子嘛,,,,,0,0,6,2022-11-16 16:54,山东服装职业技术学院超话,,,
4836472357654595,MfiOnw7jd,5151109437,懂宽窄知方寸,山东服装职业学院O最近热门事件浅谈,,,,,0,0,1,2022-11-16 16:45,山东服装职业学院超话,,,
4836462924924701,MfizakF8F,3812106004,昆明阳宗海风景名胜区,【网传一公司“拒绝录用山东服装学院一切学生”，#厦门一公司人事通知引争议#】近日，山东服装职业学院，一在校学生因感情问题引发网友的热议。新黄河记者注意到，网传厦门美速达国际物流有限公司下发“拒绝录用山东服装学院一切学生”的通知。14日下午，新黄河记者通过“美速达国际物流”官方公众号内公示电话，联系到该公司的工作人员曹先生，他告诉新黄河记者，该公司确实发布了“拒绝录用山东服装学院一切学生”的通知，且自己就是该通知的发布者，下发到“美速达”旗下子公司的。通知发布后，曹先生称上午已经接到福州上级公司的批文，自己被降级了，目前在“停职”阶段。截至发稿前，记者发现该通知发布的平台已删除，发布后续声明的账号显示为私密账号。详戳：O网页链接（济南时报）L济南时报的微博视频,,,,厦门一公司人事通知引争议,0,2,2,2022-11-16 16:08,微博视频号,,"http://f.video.weibocdn.com/o0/S2QSsZY9lx080MxnDlPi01041200c7CS0E010.mp4?label=mp4_720p&template=1280x720.25.0&ori=0&ps=1BVp4ysnknHVZu&Expires=1669344402&ssig=OGPQ4IjskJ&KID=unistore,video",
4836462040973568,MfixK45gI,6043568835,哆啦荣耀,山东服装职业技术学院女主快手号之前没有这个恋人标志的，女主发视频艾特男主，之后把恋人标志展示出来，之前男主账号没有展示女主的恋人标志，过来一段时间展示出来了，聪明的人已经想到了吧，没有洗白，只是站在理性角度去想，到底是什么原因没有当事人回应，也没有谁确定的说他一定是做了那种事，十传百，百传千，千传万是从哪里传出来的都不知道了吧？,,,,,0,8,2,2022-11-16 16:04,山东服装职业技术学院超话,,,
4836461633344909,Mfix5e2a9,6043568835,哆啦荣耀,山东服装职业技术学院这是为了钓鱼，为了热度，流量木琴也不要了是吗？又重新建了一个超话在里面钓，疯狂诋毁网爆引起对立,,,,,0,0,2,2022-11-16 16:02,山东服装职业技术学院超话,,,
4836453744117590,MfikmhhaK,1663354845,轻熟素颜,#山东服装职业学院超话#女主这容貌…那五个情夫同仇敌忾真的是笑死人了😆,,,,山东服装职业学院超话,0,0,15,2022-11-16 15:31,iPhone客户端,,,
4836451646445765,MfigYr2PX,6043568835,哆啦荣耀,山东服装职业学院女主快手号之前没有这个恋人标志的，女主发视频艾特男主，之后把恋人标志展示出来，之前男主账号没有展示女主的恋人标志，过来一段时间展示出来了，聪明的人已经想到了吧，没有洗白，只是站在理性角度去想，到底是什么原因没有当事人回应，也没有谁确定的说他一定是做了那种事，十传百，百传千，千传万是从哪里传出来的都不知道了吧？,,,,,0,21,40,2022-11-16 15:23,山东服装职业学院超话,,,
4836443794444241,Mfi4jiE9j,1729845610,法人杂志,【公开歧视？一公司人事通知引热议，最新进展来了】近日，福建厦门一企业发布的一则人事通知引发关注。有网友爆料称，该公司声明：“拒绝录用山东服装学院一切学生！”网传截图显示，这则通知的落款公司名称为：“厦门美速达国际物流有限公司”并盖有该公司公章。（法治网）O公开歧视？一公司人事通知引热议，最新进展来了,,,,,0,0,0,2022-11-16 14:52,360安全浏览器,['https://wx1.sinaimg.cn/large/671b596aly1h86z08j4f8j20bv0f90ss.jpg'],,
4836439692415647,MfhXHa8q3,1061623930,朽木竹炎,山东服装职业学院首先站在道德的角度来说女生确实有问题，其次想说，这个女的简直丑出天际了，真是丑人多作怪,,,,,0,0,0,2022-11-16 14:35,山东服装职业学院超话,,,
4836435968919340,MfhRGBqkk,6337029602,我欲依然,山东服装职业学院这个是本人？？？把出处的名字都隐去了是博主开小号发的吧？,,,,,0,5,1,2022-11-16 14:20,山东服装职业学院超话,['https://wx1.sinaimg.cn/large/006URwSSgy1h86y31v6tlj30u01t0agy.jpg'],,
4836434894918378,MfhPXkDuG,7748652865,来找阿溯,山东服装职业学院我们可以骂那个女的和五个男的，支持那个男生，但是看看抖音其他带了该学院标签的美女，评论区都被冲烂了，各种不堪入目的话，人家有什么错，甚至发生这件事后就再也没发过抖音了，不至于跑到无辜人下面乱舞吧，你冲学校官方我都能理解，冲无辜人真的不理解,,,,,0,1,2,2022-11-16 14:16,山东服装职业学院超话,,,
4836432437315256,MfhLZuH20,6448691205,带带大帅兄257,山东服装职业学院打拳的人找到了@我都想笑了建议严查,,,我都想笑了,,0,0,2,2022-11-16 14:06,山东服装职业学院超话,,,
4836432406906616,MfhLWsYJ2,6161385588,宜州怪叔叔,山东服装职业学院别说那么多了，升本后，建议直接保研吧！,,,,,0,0,0,2022-11-16 14:06,山东服装职业学院超话,,,
4836431904113459,MfhL8hg67,2042590453,郭律Esq,用人单位在招聘过程中的院校歧视表面上看是因为求职者的内卷，但这并不是根本原因，更关键的在于社会观念的畸形认识。高校毕业生内部也存在一个鄙视链，自己人都互相看不起。留学的看不起国内读大学的，221/985院校毕业的看不起普通本科的，本科的看不起读专科的，专科看不起中专。这种鄙视链并不客观，但也从侧面说明了学历在生活中很重要，并且多数情况下与收入和前途的直接挂钩。2010年六普显示，我国拥有大学（指大专及以上）文化程度的人口约为8.9%。而到了2020年，七普这一数据则上升到了15.5%，有了大幅提升。也就是我国拥有大学学历的人口已达到2.18亿。2021年，全国普通高中总数达到1.46万所，高中入学率已达到91.4%。2020年全国高考人数约1071万人，全国普通本专科招生967.5万人，录取率达到90.4%。2021年的高考录取率又有所上涨，总体录取率提高到92.89%。其中专科的录取率为51.26%，本科录取率为41.63%，一本录取率达在15%左右，985、211院校的录取率分别为1.67%和4.75%。有的省份和地区录取率还会更高，例如天津市本科录取率约为73.13%。从1999年开始，我国大学生经历了连续二十多年的持续扩招，学历必然会形成内卷。2022年，我国大概有超过1000万的大中专毕业生，其中会有300多万人选择考研。以至于这几年考研的难度也越来越高，分数不断提升。于是近年在互联网上，作为大多数拥有非985/211院校学历的年轻人，开始产生越来越多的焦虑情绪。根据《2019届中国高校毕业生薪酬报告》显示，高职起薪为4295元、本科为5999元、研究生为8777元、博士为15355元。很明显，学历高低是和薪酬直接关联的。甚至一本起薪也会比二本的起薪高了500元。相对来讲，职能类岗位学历和薪资相关性就没那么大了。几乎每个领域中的高薪大厂几乎只招收985和211院校的毕业生。不设置这个门槛的话投简历的人实在是太多了，HR根本就筛选不过来。某知名互联网公司的报录比达到3000:1。作为对比，2021年我国报考公务员最热门的岗位招录比为2774:1。学历并不代表工作能力，只能代表在某阶段的学历能力。与国外名校的海归相比，985们起码能通过初级筛选，而非211、985的双非大学学历，连摆上台面的机会都没有。到二本和专科校园招聘的企业，越来越多的则是替代率最高的销售岗。双非本科毕业生来讲，岗位相关性很重要。如果入职就能上手工作，那么竞争性就会更大一些。数据显示，高职毕业生中销售岗位就业比例达到9.8%。还有制造业的技术岗位，也会对专科生相对友好一些。因此，对于特定院校的其实其实来源与社会观念的畸形认识，而这样的受害者是每一个大学毕业生。#山东服装职业学院##微博新知博主##官方回应公司拒录山东服装学院学生#,,,,"山东服装职业学院,微博新知博主,官方回应公司拒录山东服装学院学生",0,4,13,2022-11-16 14:04,iPad Pro,,,
4836426942257427,MfhD89tg7,1801396063,文斌说事,因为女海王王佳颖的情感纠纷，让社会上对山东服装职业学院整个有了偏见。王佳颖成了一人毁一校的经典。现在福建厦门一公司已经下发“拒绝录用山东服装学院一切学生”的通知，落款公司名称为厦门某国际物流有限公司，并盖有该公司公章。其实，并不止这一家，我这两天在跟友人闲谈时候，石家庄有做服装生意的朋友也说对这个学校的感官大幅下降。现在又是买方市场，真明确说出来不聘用山东服装职业学院的学生也根本对企业没有丝毫影响，反而能冲一波热度。也可以鲜明的站边，同时蹭一蹭网络的流量。虽然福建的公司说“看了关于该学校的事情，很为当事男生抱不平。于是自己就代表公司就发布了这么一条消息。”结果可想而知，这么做的结果就是违反了劳动法，给公司带来了麻烦，于是这个通知的发布者，很快接到了福州上级公司的批文，被降级“停职”了。不过他表示，“自己做的事情不会躲，该怎么处理就怎么处理，都可以接受。”但是网络上支持他的人却非常多，这是为什么呢？原来还是目前我们的法律约束的个人行为并不包括婚内出轨。对于王佳颖身为学生，做出这种事情，只能道德上的谴责。公众觉得惩罚力度不够。但是公司拒绝录用山东服装职业学院学生这事儿，设计学校的歧视，在就业中产生偏差，是必然违规的。且违背了职场的原则。把个人好恶带入工作，影响到公司整体的收益，流量是一把双刃剑，有的公司需要，有的公司则会更注重流量的正面性。当然，作为一家物流公司去做这种事情，让人感觉本来风马牛不相干的行业，有知情人称这家物流公司是做跨国生意的，连一本本科生都不好进，更何况是这种三本院校的学生（虽然现在没有这个说法了，但是大家还是默认的）。真的应当在同时也好好查查发表的那几家公司，跟个风，蹭个热度，不花钱的蹭，不嫌事大，这都做文章。但是也有网友认为：抵制道德败坏的机构、场所…等多了，风气都会好很多！现在就是因为道德出现问题不受控制和制裁，所以才导致那么多人猖狂！这不是歧视，是正能量！一个学校，连遵守基本道德的学生都教不出来，或者说，出了事情后也没有处理办法，关掉又如何？特别是现在的风气不正、个人信誉、名誉必须与未来一切挂钩。近日不就有个网红花上亿收了一家科技公司的大楼，虽然后面称这家科技公司在2017年就倒了。但是事实究竟如何我们也只听到了一个方面的声音。直播带货可以促进经济的表面繁荣，但是绝对无法做到经济的升级换代和国家的科技进步。中国有句话一粒老鼠屎坏了一锅羮。校风不正何以育人，特别是看视频，别的学生都站在违法并道德败坏的一边，这种环境氛围让人担忧，学校应制止和改变这种风气，才是正确的选择。而当学校忽略了这一点，打着所谓保护学生的安全和利益的名誉，去维护道德缺失的一方，是无法得到社会的认可的。不管这个企业是不是真心不聘用山东服装职业学院的学生，实际上对于这所学生而言，未来的就业真的面临了更大的麻烦。而对该校来说，事情搞的越大，家长们越不信任山东服装职业学院！,,,,,45,57,571,2022-11-16 13:45,,"['https://wx4.sinaimg.cn/large/6b5f1f5fly1h86x2n5e0cj20ng0duq8i.jpg', 'https://wx1.sinaimg.cn/large/6b5f1f5fly1h86x2mxqb0j20m20eodnb.jpg', 'https://wx2.sinaimg.cn/large/6b5f1f5fly1h86x2ndu4qj20i20fmwkd.jpg', 'https://wx2.sinaimg.cn/large/6b5f1f5fly1h86x2nnmiaj20h60n0wlh.jpg', 'https://wx3.sinaimg.cn/large/6b5f1f5fly1h86x2nun89j20hm0h043z.jpg', 'https://wx3.sinaimg.cn/large/6b5f1f5fly1h86x2o00zij20i60ag0v6.jpg']",,
4836424480982968,Mfhza47Ik,6789908459,南先森在北方,#山东服装职业学院超话#算王他倒霉吧，这件事情他虽然是一个个人的事情，但是呢他背后有非常深刻的社会矛盾。这件事情只是导火线而已。其根本的引爆点在于男女对立当中的婚姻对立。也就是男方和女方在婚姻当中的责任不对等。如果不能够解决男女方之间婚姻责任的不对等的矛盾，那么就算这件事情平息下去，日后迟早还要再发生。现在我们国家在法律上面赋予了男女在婚姻当中相同的权利，但是在社会习俗和实际操作过程当中，却赋予给了男女双方不同的婚姻责任。权利相等，但责任不等这就是这个根本的矛盾。这也是为什么这个问题一直在强调聚焦于男女方已经结婚了这一个事实。在现在的这个社会当中，男方对于婚姻承担的责任更大，女方承担责任小，且男女之间比例的失调。这就会导致一个结果，男女方一旦离婚，男方人财两空，女方人空财不空，而且二婚还挺好找。在这么一种不对等的情况下，实际上女方的出轨成本更小，男方的出轨成本更高，女方出轨的可能收益更高，男方出轨的可能收益更小。这也就是为什么出轨的男性大部分都是高质量男性，而出轨的女性大部分都是低质量女性。,,,,山东服装职业学院超话,0,9,18,2022-11-16 13:35,Redmi Note 11T Pro,,,
4836423938868473,MfhyhBd5T,7556445259,海螺笙笙,#官方回应公司拒录山东服装学院学生#厦门一公司支持“为爱勇士”拒录山东服装学院学生？#厦门一公司人事通知引争议#出名未必都是好事L海螺笙笙的微博视频,,,,"官方回应公司拒录山东服装学院学生,厦门一公司人事通知引争议",0,0,3,2022-11-16 13:33,华为mate30Android,,"http://f.video.weibocdn.com/u0/lxiPPUoQgx080Pd0lnNS010412003Q7x0E010.mp4?label=mp4_720p&template=720x1280.24.0&ori=0&ps=1BVp4ysnknHVZu&Expires=1669344496&ssig=OTSMJ%2FXqfH&KID=unistore,video",
4836418142078258,MfhoW8IEi,6345731984,俞林不是我,山东服装职业学院被删评了,,,,,0,5,2,2022-11-16 13:10,山东服装职业学院超话,['https://wx4.sinaimg.cn/large/006Vs2LSly1h86w25rwbmj30u01uojuy.jpg'],,
4836412488155914,MfhfOydJ0,7709335909,CurtaTsuki,山东服装职业学院首先我是女权，其次这件事无关性别（也就是说男女都一样），最后支持那出轨的祝你在爱情道路上沦为：舔狗、ATM、牛头人,,,,,0,0,2,2022-11-16 12:47,山东服装职业学院超话,,,
4836406290287496,Mfh5P1cN2,1247933364,请给我一把钥匙,#山东服装职业学院#学校里面藏污纳垢，天呐，太刺激了,,,,山东服装职业学院,1,3,1,2022-11-16 12:22,nova 9 精彩由我摄定,,,
4836404724501112,Mfh3iiSWA,7258635150,那个咖喱林老板_,山东服装职业学院山东服装职业学院前有山东艺术学院，后有山东服装职业学院,,,,,0,0,0,2022-11-16 12:16,山东服装职业学院超话,,,
4836402493132721,MfgZHd8XL,2665143987,华安集团2665143987,支持这家公司《网传一公司“拒绝录用山东服装学院一切学生”，涉事公司回应》近日，山东服装职业学院，一在校学生因感情问题引发网友的热议。曹先生称上午已经接到福州上级公司的批文，自己被降级了，目前在“停职”阶段。O网页链接,,,,,0,0,0,2022-11-16 12:07,iPhone客户端,['https://wx1.sinaimg.cn/large/9edadeb3ly1h86u9dyhoij208o05saa0.jpg'],,
4836402083136271,MfgZ2d9T1,5510595305,我特么改个名字行不行,山东服装职业技术学院真尼玛下头啊名副其实女厕所。一帮除生,,,,,0,2,11,2022-11-16 12:06,山东服装职业技术学院超话,,,
4836402014984008,MfgYVkUze,7384014335,别辜负ta,#山东服装职业学院#你没了.,,,,山东服装职业学院,0,0,0,2022-11-16 12:05,真我GT Neo 闪速版,,,
4836398551797961,MfgTl7xJn,6107663600,旋风孝子陀螺,山东服装职业学院m,,,,,0,0,0,2022-11-16 11:52,山东服装职业学院超话,,,
4836395749474689,MfgOODKNz,1668589317,半岛都市报,【网传一公司“拒绝录用山东服装学院一切学生”，#厦门一公司人事通知引争议#】近日，山东服装职业学院，一在校学生因感情问题引发网友的热议。新黄河记者注意到，网传厦门美速达国际物流有限公司下发“拒绝录用山东服装学院一切学生”的通知。14日下午，新黄河记者通过“美速达国际物流”官方公众号内公示电话，联系到该公司的工作人员曹先生，他告诉新黄河记者，该公司确实发布了“拒绝录用山东服装学院一切学生”的通知，且自己就是该通知的发布者，下发到“美速达”旗下子公司的。通知发布后，曹先生称上午已经接到福州上级公司的批文，自己被降级了，目前在“停职”阶段。截至发稿前，记者发现该通知发布的平台已删除，发布后续声明的账号显示为私密账号。（济南时报）L济南时报的微博视频,,,,厦门一公司人事通知引争议,0,1,0,2022-11-16 11:41,微博视频号,,"http://f.video.weibocdn.com/o0/S2QSsZY9lx080MxnDlPi01041200c7CS0E010.mp4?label=mp4_720p&template=1280x720.25.0&ori=0&ps=1BVp4ysnknHVZu&Expires=1669344548&ssig=MwTMi0fBQh&KID=unistore,video",
4836394398911422,MfgMDBogC,2850396845,爱ME就陪我去远方,《男版王宝钏？山东服装职业学院事件添新瓜，男主同学曝出更多细节》陈培瑶过的，似乎也是和苦守寒窑“不相上下”的日子，山东服装职业学院事件添新瓜，男主同学曝出更多细节。O网页链接,,,,,0,0,1,2022-11-16 11:35,百度App,['https://wx1.sinaimg.cn/large/a9e59aadly1h86tc49eccj208o05s0ss.jpg'],,
4836390388373743,MfgGaz8on,3060362885,小格调绅痞十Justin,#为爱冲锋的勇士#山东服装职业学院抗日战争#林川奈奈子#净网行动，打响第一枪,,,,"为爱冲锋的勇士,林川奈奈子",4,12,42,2022-11-16 11:19,抗日战争超话,['https://wx2.sinaimg.cn/large/b6696e85ly1h86stfjuhgj215i1l5thq.jpg'],,
4836388426744153,MfgD0sisF,5744238002,海曙检察,【认定劳动关系，这15个证据点要记住！】对很多一线劳动者而言，找到一份工作，能都按时领到报酬即可，极少会关注自己与所在的单位是什么法律关系。所以一旦和所在的单位发生纠纷，特别是人身伤害的情况下，就会发现自己难以找到证据证明自己与用人单位的劳动关系，因而陷入维权难的被动局面。请记住这15个知识点！#官方回应公司拒录山东服装学院学生#（中国普法）O认定劳动关系，这15个证据点要记住！,,,,官方回应公司拒录山东服装学院学生,0,0,0,2022-11-16 11:11,微博 weibo.com,,,
4836388380611234,MfgCW2z0C,3314917994,莒县发布,【公司称支持为爱翻墙男子拒录某高校学生，劳动部门：涉嫌歧视】#劳动部门回应公司拒录某高校学生#山东服装职业学院一男子“为爱翻墙”引热议后，厦门一公司发布通知称“拒绝录用山东服装学院一切学生”。厦门市湖里区劳动保障监察大队回应，若通告属实可能涉嫌歧视。#厦门一公司人事通知引争议#O网页链接,,,,"劳动部门回应公司拒录某高校学生,厦门一公司人事通知引争议",9,8,10,2022-11-16 11:11,微博 weibo.com,,,
4836386513359512,MfgzVe5XG,6468999337,时间杂论,11月14日，福建一物流公司表示：为支持山东“为爱冲锋”的勇士，决定拒绝录用山东服装学院的所有学生。对此，劳动部门发声了。11月10日，山东男子为了找背叛自己的妻子要个说法，拿着身上仅剩的200块钱，从青岛骑共享单车来到妻子的学校。据传，两人在领证后，为了支持妻子专升本，男子一直在外打工，并将每个月工资都上交给妻子。但妻子却在学校又谈了个对象，还怀孕了。男子一时气不过，便来到妻子的学校要个说法。没想到，妻子没见到，还被妻子的情夫带人堵了。最后，学校保安报警，他因违反疫情防控规定而被警方带走调查。在婚姻里，他失败了。但是经此一役，他获得了网友们的一致支持。福建一物流公司甚至发企业通知声称：拒绝录用山东服装学院的一切学生。其招聘负责人表示，这是为了表达对“为爱冲锋”的勇士的支持，同时也算是“站个队”。对此，网友并不买账。有网友质疑该公司在蹭热度，博眼球。也有的网友直接批评该公司一棒子打倒一片人。对此，当地劳动保障检查大队工作人员表示，已将情况上报，若通告为真的，该公司则涉及歧视，将有监察工作人员前往处理。山东勇士“为爱冲锋”，是为了给自己的爱情和婚姻要个说法，给自己的付出一个交代。但是该公司却趁着此事的热度，打起了自己的小算盘。因为一人而封杀整个学校，这一做法着实是绝对了些。若是真的为了支持那情场失意的男子，那它完全可以向该男子以高薪抛出接纳的橄榄枝。但是，该公司却以此为理由，拒绝一整个学校的学生，实在是有些哗众取宠之嫌。对此，你有什么看法呢？,,,,,1,1,1,2022-11-16 11:04,HUAWEI Mate 30,['https://wx4.sinaimg.cn/large/0073NgeZly1h86sfibztzj30qo0nymzp.jpg'],,
4836384428261750,MfgwyyFg2,5187067850,忠橙江寒月,山东服装职业技术学院物以类聚，人以群分一点不错。,,,,,0,0,4,2022-11-16 10:56,山东服装职业技术学院超话,,,
4836382046422129,MfgsIqWGJ,6275330076,星空糖C,山东服装职业学院路人，看了那么多帖子，我不支持女生的做法，但男生的这种冲动过激行为我也不赞同，人是具有社会性的，这件事给男生的社会关系带来的伤害是毁灭性的。“为爱冲锋的勇士”？？？听着好别扭，以这种方式的为爱冲锋恕我不能苟同，男生之所以会那样，我感觉是得知自己被妻子背叛了，那种巨大的愤怒，那种自己付出了一切却都成了泡沫的那种世界观的崩塌，所以才不顾一切去要一个说法……,,,,,0,2,1,2022-11-16 10:46,山东服装职业学院超话,,,
4836382016799282,MfgsFswNQ,5898547683,超鲜韭菜长好了,#山东服装职业学院#对学校名誉造成的不可估量的损失，学校应决定对其相关人员开除，重整学校对品德及道德教育的严格考量！,,,,山东服装职业学院,0,2,8,2022-11-16 10:46,iQOO Z5x 性能先锋,,,
4836379722518613,MfgoYazcN,7752863507,气他欺负他,山东服装职业学院遛溜狗,,,,,1,0,3,2022-11-16 10:37,山东服装职业学院超话,['https://wx2.sinaimg.cn/large/008sGdXBly1h86rndcqf6j309f08dwex.jpg'],,
4836376220799637,Mfgjk3m1n,6086189023,i暴躁的小西瓜,山东服装学院要求学校开除相关涉事学生不要耽误其他在山东服装学院上学的人！！！,,,,,0,0,6,2022-11-16 10:23,山东服装学院超话,,,
4836375092006504,Mfghv8pYY,1861477054,何天恩,这事儿大家怎么看？【网传一公司“拒绝录用山东服装学院一切学生”，涉事公司回应】#涉事公司回应拒绝录用山东服装学院学生#近日，山东服装职业学院，一在校学生因感情问题引发网友的热议。新黄河记者注意到，网传一公司下发“拒绝录用山东服装学院一切学生”的通知，截图的通知内容显示为“本公司郑重声明，拒绝录用山东服装学院一切学生”，落款公司名称为厦门美速达国际物流有限公司，并盖有该公司公章。14日下午，记者通过“美速达国际物流”官方公众号内公示电话，联系到该公司的工作人员曹先生，曹先生告诉新黄河记者，该公司确实发布了“拒绝录用山东服装学院一切学生”的通知，且自己就是该通知的发布者，下发到“美速达”旗下子公司的。曹先生表示：“看了很多关于该学校的事情，很为当事男生抱不平，公司都是年轻人，有点脾气很正常，就是因为看不下去。”通知发布后，追责也随之而来。曹先生称上午已经接到福州上级公司的批文，自己被降级了，目前在“停职”阶段。关于拒绝录用该校学生这一表述，曹先生表述到：“福建和山东有距离差，只有说该校的学生过来我们这边面试，我们拒绝了，才会产生后续其他的问题，我只是想表达我个人的想法，个人写出来可能没什么反响，但是公司名义盖个红章可能引发的舆论就大一些。”至于现状，曹先生向记者表示：“自己做的事情不会躲，会站出来解决，该怎么做怎么做，该怎么处理怎么处理，自己都可以接受。”截至发稿前，记者发现该通知发布的平台已删除，发布后续声明的账号显示为私密账号。何天恩,,,,涉事公司回应拒绝录用山东服装学院学生,6,26,61,2022-11-16 10:19,微博 weibo.com,['https://wx2.sinaimg.cn/large/6ef3e2bely1h8646mhs44j20j607fglm.jpg'],,
4836371753080249,Mfgc7cVjr,5891104056,冰岛1234,#山东服装职业学院超话#女生确实过分，不过这道题也有问题，换句话，为什么男生总是觉得自己勇闯先锋会是爱的表现，你可以追女孩子非常的喜欢她，但是对她生活造成影响确实很令人反感。当然如果不是女生领证还出轨，而是因为性格不合而直接说清楚坦荡分手，那么骂的人就不会这么多了。,,,,山东服装职业学院超话,1,21,6,2022-11-16 10:05,小米11 青春版,,,
4836370796780893,Mfgazss1f,6777824415,夜雾松花,山东服装职业学院男小三美美隐身了？,,,,,0,1,1,2022-11-16 10:01,山东服装职业学院超话,,,
4836370473815857,Mfga3g0G5,6058320545,不再迷人的馄蛋,#山东服装职业学院#心疼为爱冲锋的那个男生，赤脚很痛吧，他也顾不上了,,,,山东服装职业学院,0,0,0,2022-11-16 10:00,iPhone客户端,,,
4836368964390182,Mfg7Ciq5o,5891104056,冰岛1234,#山东服装职业学院超话#我不太理解的是为什么要找人打人家，你自己做事不觉得理亏么，还打人家，要是不爱就直接说不爱了，如果爱就把跟学校里那个说清楚，好好的怎么能打人呢，这不校园暴力么，怎么一个小姑娘净整这一套。,,,,山东服装职业学院超话,0,0,0,2022-11-16 09:54,小米11 青春版,,,
4836366900789625,Mfg4i3jpT,6251300203,相宇宇宇宇,山东服装职业学院这件事情的真相是男主骑车三天三夜吗，不应该是关注女主的身上的问题吗你们的逻辑观点真的有点让人好笑啊,,,,,0,0,4,2022-11-16 09:46,山东服装职业学院超话,,,
4836366241765857,Mfg3e7pnz,6896635019,你喜欢郭麒麟嘛,山东服装职业学院你管她男的女的只要出轨背叛这个婚姻了就是不对！还有群傻波一维护她！这个学校竟然还在维护她我的天呢！别搞男女对立那一套！平等社会一视同仁！谁有错谁承担就是呗,,,,,0,0,2,2022-11-16 09:43,山东服装职业学院超话,,,
4836365792970815,Mfg2vcsQn,5648542813,污污污污妖王YhlFY,这都婚内出轨了，不就SLJ么？为什么有五个烧饼上去拦而不是去踹她，为什么还有这样三观都没搞清楚方向的哥哥，拿自己的认知来当枪使啊。放在过去出轨的叫过街老鼠，现在也是。如果是法官，能不能先判她净身出户，然后离婚后偿还所给予的钱财啊？如果道歉就够了，要那么多约束人为的条条框框干嘛吃的?#为爱冲锋的勇士#山东服装职业学院,,,,为爱冲锋的勇士,1,7,13,2022-11-16 09:42,小米11 Pro,"['https://wx3.sinaimg.cn/large/006agI1fly1h86pi8hvydj30o01hctew.jpg', 'https://wx2.sinaimg.cn/large/006agI1fly1h86pi8q885j30o01hcjug.jpg', 'https://wx1.sinaimg.cn/large/006agI1fly1h86pi99j4tj31402gwqh2.jpg']",,
4836365286247513,Mfg1Gqdgl,1887344341,观察者网,【#官方回应公司拒录山东服装学院学生#：涉嫌歧视】近日，一男子“为爱翻墙”引热议后，厦门一公司发布通知称“拒绝录用山东服装学院一切学生”。厦门市湖里区劳动保障监察大队回应，若通告属实可能涉嫌歧视。@七环视频L七环视频的微博视频,,,七环视频,官方回应公司拒录山东服装学院学生,7,67,426,2022-11-16 09:40,微博视频号,,"http://f.video.weibocdn.com/o0/Cr60vvkclx080NUWJZOU01041200lo260E010.mp4?label=mp4_720p&template=1280x720.25.0&ori=0&ps=1BVp4ysnknHVZu&Expires=1669344646&ssig=TczidzyM%2Fc&KID=unistore,video",
4836364535464011,Mfg0tmVrd,5891104056,冰岛1234,#山东服装职业学院超话#一个学校不以师德学风文明，而是用这种方式出糗，很厉害啊，虽然说现在是多元社会，但是网络舆论出现这样的现象，也是蛮厉害的，,,,,山东服装职业学院超话,0,0,0,2022-11-16 09:37,小米11 青春版,,,
4836364266767696,Mfg02soAo,1670579494,主持人阿喆,公司回应拒用#山东服装职业学院#，如此伸张正义，可取吗！L主持人阿喆的微博视频,,,,山东服装职业学院,0,1,6,2022-11-16 09:35,微博视频号,,"http://f.video.weibocdn.com/o0/3kcHmFB5lx080OWIDqy401041200oN4Q0E010.mp4?label=mp4_720p&template=720x1280.24.0&ori=0&ps=1BVp4ysnknHVZu&Expires=1669344646&ssig=PSuxug9nFL&KID=unistore,video",
4836363151346762,MffYf5ElY,7731406299,把她归于人海z,山东服装职业学院腊鸡玩意好意思在这狗叫都有企业开始不要你们学校的好不知道丢人,,,,,0,0,0,2022-11-16 09:31,山东服装职业学院超话,,,
4836361934998673,MffWhkYnL,5469930645,离烟君,山东服装职业技术学院有没有可能他们都是水节奏的呢，被关注和关注列表差不多(´-ω-`)同一批账号，所以兄弟们你们怎么冲都没用的,,,,,0,6,3,2022-11-16 09:26,山东服装职业技术学院超话,"['https://wx3.sinaimg.cn/large/005YbgPPgy1h86pkou5v0j30u01s6k3i.jpg', 'https://wx3.sinaimg.cn/large/005YbgPPgy1h86pkpf4ddj30u01s6tl2.jpg', 'https://wx2.sinaimg.cn/large/005YbgPPgy1h86pkpvs6jj30u01s6guy.jpg', 'https://wx3.sinaimg.cn/large/005YbgPPgy1h86pkqbmqij30u01s6do7.jpg', 'https://wx3.sinaimg.cn/large/005YbgPPgy1h86pkqtcy0j30u01s6k0b.jpg']",,
4836360257274115,MffTzuwkr,6066193547,七环视频,【#官方回应公司拒录山东服装学院学生#：涉嫌歧视】近日，一男子“为爱翻墙”引热议后，厦门一公司发布通知称“拒绝录用山东服装学院一切学生”。厦门市湖里区劳动保障监察大队回应，若通告属实可能涉嫌歧视。11月10日，网传一段男子为爱翻墙进入#山东服装职业学院#被保安追赶的视频，引发关注。网友称男子在外工作，与该学校女生领证，但是女生又在学校和别人谈恋爱，该男子发现后，他骑了三天三夜的共享单车，光脚翻墙进入学校讨要说法。#学校回应翻墙男子骑车三天三夜#O网页链接L七环视频的微博视频,,,,"官方回应公司拒录山东服装学院学生,山东服装职业学院,学校回应翻墙男子骑车三天三夜",0,2,18,2022-11-16 09:20,微博视频号,,"http://f.video.weibocdn.com/o0/Cr60vvkclx080NUWJZOU01041200lo260E010.mp4?label=mp4_720p&template=1280x720.25.0&ori=0&ps=1BVp4ysnknHVZu&Expires=1669344646&ssig=TczidzyM%2Fc&KID=unistore,video",
4836359136873659,MffRLsQ9t,1685535987,豆豆酱有点闲,山东服装职业学院这些都是什么奇葩公司，2022年了还在搞连坐，蹭热度是没有底线了吗？,,,,,45,268,1991,2022-11-16 09:15,山东服装职业学院超话,"['https://wx3.sinaimg.cn/large/64773cf3ly1h86p9mibl7j20u01sxn3g.jpg', 'https://wx3.sinaimg.cn/large/64773cf3ly1h86p9m0k4nj20i30zk3zb.jpg', 'https://wx1.sinaimg.cn/large/64773cf3ly1h86p9mai2bj20u00qpag4.jpg']",,
4836359032014026,MffRB8rWi,6587458916,区块链微世界,山东服装职业学院女生真的太可怜了，她怎么可以遭遇如此网暴，她明明应该被浸猪笼的,,,,,2,0,7,2022-11-16 09:15,山东服装职业学院超话,,,
4836355928754961,MffMAAJz3,2696964800,荆门市东宝区人民检察院,#普法君微知识#【找工作的同学注意啦！收好这份实用防骗指南！】近日，#官方回应公司拒录山东服装学院学生#引发网络热议，求职过程中被套路、遭遇骗局怎么办？戳图学习↓八大求职骗局和防骗锦囊送给你！#检察关注#（@央视新闻）,,,央视新闻,"普法君微知识,官方回应公司拒录山东服装学院学生,检察关注",2,7,10,2022-11-16 09:02,新版微博 weibo.com,"['https://wx4.sinaimg.cn/large/a0c06ac0gy1h86ow6bohgj20a00a075z.jpg', 'https://wx3.sinaimg.cn/large/a0c06ac0gy1h86ow9e3qxj20a00a0wgc.jpg', 'https://wx3.sinaimg.cn/large/a0c06ac0gy1h86owc7ruuj20a00a0tam.jpg', 'https://wx4.sinaimg.cn/large/a0c06ac0gy1h86owfsksyj20a00a0tab.jpg', 'https://wx1.sinaimg.cn/large/a0c06ac0gy1h86owiridrj20a00a0jst.jpg', 'https://wx3.sinaimg.cn/large/a0c06ac0gy1h86owlw439j20a00a0tah.jpg', 'https://wx2.sinaimg.cn/large/a0c06ac0gy1h86owoxm0gj20a00a0tae.jpg', 'https://wx1.sinaimg.cn/large/a0c06ac0gy1h86owrzre5j20a00a0jt6.jpg', 'https://wx2.sinaimg.cn/large/a0c06ac0gy1h86owv5tq3j20a00a0mz3.jpg']",,
4836355361998942,MffLG8o10,6704852311,水结冰L,山东服装职业学院不愧是大专，贵校真的很会教书育人,,,,,0,0,0,2022-11-16 09:00,山东服装职业学院超话,,,
4836355123972259,MffLigFmH,6049922308,Touk0,山东服装职业学院这下这学校什么成分大家一目了然了吧,,,,,0,1,0,2022-11-16 08:59,山东服装职业学院超话,"['https://wx2.sinaimg.cn/large/006BqRa4ly1h86osa6yq7j30u00wih01.jpg', 'https://wx4.sinaimg.cn/large/006BqRa4ly1h86osag6jcj30u0098wip.jpg']",,
4836353026557738,MffHUrvXY,2633486440,奉化检察,【认定劳动关系，这15个证据点要记住！】对很多一线劳动者而言，找到一份工作，能都按时领到报酬即可，极少会关注自己与所在的单位是什么法律关系。所以一旦和所在的单位发生纠纷，特别是人身伤害的情况下，就会发现自己难以找到证据证明自己与用人单位的劳动关系，因而陷入维权难的被动局面。请记住这15个知识点！#官方回应公司拒录山东服装学院学生#（中国普法）O认定劳动关系，这15个证据点要记住！,,,,官方回应公司拒录山东服装学院学生,0,0,0,2022-11-16 08:51,新版微博 weibo.com,,,
4836352191369286,MffGz5Kdg,7619942427,友弟弟的魈叶,瞧瞧山东服装职业学院L友弟弟的魈叶的微博视频,,,,,0,0,0,2022-11-16 08:48,山东服装职业学院超话,,"http://f.video.weibocdn.com/o0/4MWmylpElx080OTqqiow01041200lpju0E010.mp4?label=mp4_720p&template=1276x720.25.0&ori=0&ps=1BVp4ysnknHVZu&Expires=1669344699&ssig=MB6Kn0liG9&KID=unistore,video",
4836352073930938,MffGnguCe,7071496025,yhypapy,#官方回应公司拒录山东服装学院学生#建议公司先自查一下，有没有出轨的男女，先开除了，再考虑招不招人的事吧,,,,官方回应公司拒录山东服装学院学生,0,0,0,2022-11-16 08:47,小米10S,,,
4836348542062857,MffAG8EDT,7165804054,情绪化in,山东服装职业学院后续是啥,,,,,0,0,0,2022-11-16 08:33,山东服装职业学院超话,,,
4836346394839089,MffxdkiRP,3173639384,火星男溜溜Me,山东服装职业学院@十封情书：王佳颖内心想法：首先，我错了，我也知道我错了，因为没想到会被发到网络，所以我后悔了，但是我并不准备改，所以我直接离婚，至于前夫要我还钱之类的，我可以考虑一下，然后得出不可能还给他的结果，因为被大家骂，所以我出示公告叫你们别骂我了，你们别不知好歹，我都道歉了,,,十封情书,,0,0,3,2022-11-16 08:24,山东服装职业学院超话,,,
4836345644585560,Mffw0jeUE,3613391050,大连笨笨猪微博,“拒绝录用山东服装学院一切学生”？岂能因个人情绪制造就业歧视极目新闻评论员徐汉雄近日，山东服装职业学院，一在校学生因感情问题引发网友的热议。网传福建厦门一公司下发“拒绝录用山东服装学院一切学生”的通知，落款公司名称为厦门某国际物流有限公司，并盖有该公司公章。（据11月14日新黄河）公司下发“拒绝录用山东服装学院一切学生”的通知（图片来源：新黄河）据报道，11月10日，网传一男子在外工作，与山东服装职业学院一女生领证，但是女生又在校和别人谈恋爱，男子便到学校讨说法，此事引发了网络关注。涉事公司负责招聘的工作人员称，该公告是对“新闻事件的一个支持”，也算是“站边一下”。14日下午，该公司的工作人员曹先生称，该公司确实发布了“拒绝录用山东服装学院一切学生”的通知，且自己就是该通知的发布者。曹先生表示：“看了关于该学校的事情，很为当事男生抱不平。”涉事公司工作人员回应（图片来源：新黄河）通知发布后，追责也随之而来。曹先生称上午已经接到福州上级公司的批文，自己被降级了，目前在“停职”阶段。关于拒绝录用该校学生这一表述，曹先生说：“我只是想表达我个人的想法，个人写出来可能没什么反响，但是以公司名义盖个红章可能引发的舆论就大一些。”并称，“自己做的事情不会躲，该怎么处理就怎么处理，自己都可以接受。”看起来，曹先生是出于个人义愤，表达自己对当事男子的支持，于是以公司名义发出了一个通知，还表示敢作敢当。殊不知却犯了大忌，一是把个人情绪带入到工作中，把个人好恶加诸于用人偏好，有因私废公之嫌；二是有失偏颇，涉嫌就业歧视；三是未经公司同意，以公司名义表达个人立场，也十分不妥。相关法律规定，劳动者依法享有平等就业和自主择业的权利。劳动者就业，不因民族、种族、性别、宗教信仰等不同而受歧视。因此，任何拒绝录用特定群体的声明就都涉嫌违法，是站不住脚的。山东服装学院躺着中枪（图片来源：新黄河）有网友说，即便对山东服装职业学院某在校学生的感情问题有看法，也不能一棍子打翻一船人。更何况，也不宜把个别学生的感情问题与整个学校的形象挂钩，一码归一码，岂能因为对个别学生的感情问题有意见，就上升到排斥学校的地步？再说了，一家做物流生意的公司，需要对山东服装职业学院某在校学生的感情问题表达立场吗？二者根本就沾不上边，难怪有网友质疑公告是在蹭热度，甚至是哗众取宠。厦门市湖里区劳动保障监察大队工作人员表示，如果通告是真的则有可能涉嫌歧视，后续会发给监察人员去办理。这也提醒一些公司，对某类新闻事件有个人情感倾向，这很正常，但不宜将个人情绪扩大化，搞连坐式反应，动不动就拒招某某地方的人，这既涉嫌就业歧视，也不是理性的态度。（来源：极目新闻）,,,,,0,0,0,2022-11-16 08:21,iPhone客户端,"['https://wx4.sinaimg.cn/large/d75ff8caly1h86nqiyuz4j20ht09w415.jpg', 'https://wx2.sinaimg.cn/large/d75ff8caly1h86nqipfpij20ht0abn04.jpg', 'https://wx1.sinaimg.cn/large/d75ff8caly1h86nqjfxkjj20ht09ote8.jpg']",,
4836340045450046,MffmYmRNY,5868652503,南山醉客,#山东服装职业学院超话#书斋得联三十六副《一》儒家妙手著文章，担道义，兴教化。孔子鸿才编典籍，集精华，补漏遗。《二》读圣贤书，养浩然气，情系苍生社稷；观成败史，挥感慨篇，神驰后世前朝。《三》读卷吟诗，打磨思想情操，高垒精神阵地；恤民忧国，掀动心潮浩气，漫弹感兴曲弦。《四》诗品高需人品高，道德操行发绮光，灯辉尘世；才情旺必激情旺，亲仇爱恨翻高浪，瀑击山崖。《五》博览兼收扩脑容，方能挥洒自如，轻松命笔；精思细察来心得，必会连锦不断，奔涌出胸。《六》生就高心性，岂能逐俗随波，却迷网里书中，神交今古诸贤者；常行远路程，自可观光览景，独伫山边水畔，时摄地天长镜头。《七》行观山水，莫道身边无美景，雨润风梳，月映日辉，总逸迷人情韵；坐读诗书，常欣心底有甘泉，思开悟涌，天连地接，每崇往古圣贤。《八》雨击瓦檐，我敲字键，彼此漫吟闲适句；窗凝薄雾，茶散轻烟，后前各展幻迷情。《九》素知学识无多，一年四季，坐影幽幽墙上嵌；甚觉根基尚浅，细木微枝，荒山瘠瘠石间生。《十》诗人有不老童心，不凡志趣；剑客拥难藏胆气，难折锋芒。《十一》枕上窗边，尽是诗思奔涌地；云间月里，常浮绮梦荡摇舟。《十二》精挑细拣，网站常溜，多为风雅美园地；博学多思，目光所及，尽是诗词好素材。《十三》网络无边，若有才华随兴展；诗书万卷，当知意味用心研。《十四》掌上微屏，雅士风流传万里；书中往圣，雄篇壮丽耀千秋。《十五》文人潇洒乐今时，粉丝连四海；典籍精深通古代，往事越千年。《十六》文学舞台宽，敲键却伤功力欠；寒窗孤影寂，攻书再把刃锋磨。《十七》玉食锦衣，未必远离庸俗；名家学者，亦存欠缺斯文。《十八》世事历经久，因果索追，智者明眸常似箭；书山站立高，地天俯仰。鸿儒浩气可凌云。《十九》文化宗师，道德楷模，敬仰无边怀孔子；儒家始祖，中华圣哲，尊崇历代誉尘寰。《二十》为人处世德居先，贪官唯重利；读典疗心仁裕后，凡事莫欺天。《二十一》儒学治心，心正轩昂气涌；明时重德，德兴邪恶人羞。《二十二》重人文，尊国学，已是全民共识；承传统，读经书，渐登现代课堂。《二十三》涤俗学吟诗，脱胎换骨仙风染；消闲迷读卷，鉴古观今慧眼睁。《二十四》大浪淘沙，真金烁烁，国粹重新焕彩；雅风承古，妙曲绵绵，奇葩更是溢芳。《二十五》自小仰诗词，倍羡古儒风雅；如今成伴侣，每添陋室欢欣。《二十六》读卷拓心胸，每有神思连海宇；拂琴飞逸韵，还将情愫寄幽天。《二十七》胸藏万卷，心间抖落沉雄句；足踏千山，笔底翻飞绮丽情。《二十八》不描叠锦堆花画，热也烘烘，易见随流逐俗；爱读忧时感世章，言虽郁郁，常惊识远虑深。《二十九》读圣贤书以养浩然气，日日常萦家国情，襟怀求磊落；师松竹品而摇淡泊风，年年笑对炎凉景，心性慕清高。《三十》斋中静守，岁岁夏冬更替，窗前风暖风寒，诗书网络徘徊，钻研文学；天底巡观，方方忧喜连绵，世上路平路陡，家户族群起落，感悟人生。《三十一》诗存奇效当知，澎湃激情扬血性；松立严冬尤韧，昂扬意气斗寒风。《三十二》华夏辉煌梦未真，志士安能懈怠；文明鼎盛路犹远，征途岂敢停留。《三十三》胸间笃志存，播雅弘文疗世俗；耳畔讥声挡，倾情报国献丹心。《三十四》文人小恙存，些微自恋君休笑；志士高怀具，浩淼情思国每连。《三十五》聚散云飞，欲晴还雨天犹豫；兴亡史读，忽喜旋悲国挂牵。《三十六》常读圣贤书，浩然气在胸间涌；纵观今古事，激越情于笔底驰。今非昔比的文学新时代在网络和智能手机普及以前，一个长期阅读书籍而且经常在文学刊物发表作品的文人雅士，在大众中往往还不如一个民间红白喜事乐队的歌唱者更受欢迎更能迎得喝彩，尽管这个歌唱者仅仅歌喉稍好甚至简谱也不识。为什么会出现这样的情况呢？因为文学刊物的订阅人数很少，有些甚至只有写作圈子里的人在订阅。大众几乎没有机会读到这些刊物上的作品，自然也就对这些文学作品和作者了解甚微因而漠然视之。可见在网络和智能手机普及以前，文学艺术文学作品和普通民众脱节的问题是很严重的！这是受以前的传播手段和传播技术设备的限制而造成的！今天这种限制已经由于科技的飞速发展和大踏步前进而完全突破了！这就意味着文学艺术和文学作品走向亿万民众，深入广泛地愉悦熏陶感染和启迪最广大的民众，充分体现文学艺术和文学作品的社会价值和精神价值的时代已经来到！,,,,山东服装职业学院超话,0,0,0,2022-11-16 07:59,nova 10 主角影像,,,
4836339751062632,Mffmv4sre,5707880068,亮姐乐多,11月14日，福建一物流公司表示：为支持山东“为爱冲锋”的勇士，决定拒绝录用山东服装学院的所有学生。对此，劳动部门发声了。11月10日，山东男子为了找背叛自己的妻子要个说法，拿着身上仅剩的200块钱，从青岛骑共享单车来到妻子的学校。据传，两人在领证后，为了支持妻子专升本，男子一直在外打工，并将每个月工资都上交给妻子。但妻子却在学校又谈了个对象，还怀孕了。男子一时气不过，便来到妻子的学校要个说法。没想到，妻子没见到，还被妻子的情夫带人堵了。最后，学校保安报警，他因违反疫情防控规定而被警方带走调查。在婚姻里，他失败了。但是经此一役，他获得了网友们的一致支持。福建一物流公司甚至发企业通知声称：拒绝录用山东服装学院的一切学生。其招聘负责人表示，这是为了表达对“为爱冲锋”的勇士的支持，同时也算是“站个队”。对此，网友并不买账。有网友质疑该公司在蹭热度，博眼球。也有的网友直接批评该公司一棒子打倒一片人。对此，当地劳动保障检查大队工作人员表示，已将情况上报，若通告为真的，该公司则涉及歧视，将有监察工作人员前往处理。,,,,,3,0,4,2022-11-16 07:58,荣耀畅玩30 Plus,['https://wx3.sinaimg.cn/large/006ehGlKgy1h86n20hjeij308c089mzd.jpg'],,
4836338673129802,MffkLd8cG,7473605601,玉米火腿肠真好吃,#官方回应公司拒录山东服装学院学生#厦门美速达国际物流有限公司的公司领导敢乱搞，出门被车撞死。,,,,官方回应公司拒录山东服装学院学生,0,2,0,2022-11-16 07:54,HarmonyOS设备,,,
4836336664317300,Mffhwi77S,2267219482,粤港澳小小胖,粤港澳小小胖【#厦门一公司人事通知引争议#】网传一公司“拒绝录用山东服装学院一切学生”，涉事公司回应：通知发布者为当事男生抱不平！#为爱冲锋的勇士#L粤港澳小小胖的微博视频,,,,"厦门一公司人事通知引争议,为爱冲锋的勇士",0,2,3,2022-11-16 07:46,粤港澳小小胖超话,,"http://f.video.weibocdn.com/u0/HK3yBkZBgx080OPbrK4o010412003Xsz0E010.mp4?label=mp4_720p&template=720x1280.24.0&ori=0&ps=1BVp4ysnknHVZu&Expires=1669344748&ssig=%2FG8LK3ErkT&KID=unistore,video",
4836329378023871,Mff5LxFnh,5724392503,潜龙爆笑,潜龙爆料幽默话题网传一公司“拒绝录用山东服装学院一切学生”，涉事公司回应拒绝录用山东服装学院学生#潜龙爆料幽默话题##蛛网搜奇趣##杭州##我的大余杭#L潜龙爆笑的微博视频,,,,"潜龙爆料幽默话题,蛛网搜奇趣,杭州,我的大余杭",0,0,1,2022-11-16 07:17,潜龙爆料幽默话题超话,,"http://f.video.weibocdn.com/u0/CIyJoULUgx080ONco9gA0104120045uu0E010.mp4?label=mp4_720p&template=720x1280.24.0&ori=0&ps=1BVp4ysnknHVZu&Expires=1669344748&ssig=XFVBKZ1%2F03&KID=unistore,video",
4836327755614086,Mff39nytM,5655969490,khilioi晚星,薄情的风生水起，求爱的挫骨扬灰。#山东服装职业学院为爱冲锋的勇士#,,,,山东服装职业学院为爱冲锋的勇士,0,0,0,2022-11-16 07:10,Redmi K40,,,
4836315483603329,MfeJmf7od,1853645343,chchch宝宝,#官方回应公司拒录山东服装学院学生#全国各地没有一个大学没有出轨的学生或老师吧？这公司别招人啊。,,,,官方回应公司拒录山东服装学院学生,0,0,4,2022-11-16 06:22,荣耀30S 5G 美由芯生,,,
4836313906021767,MfeGOpgxh,7511226327,凉夏暮色流年,山东服装职业技术学院作为一名警察蜀黍温馨提醒：网络空间不是法外之地，维护网络秩序是社会各界和每一位网民应尽的责任与义务。网络不是法外之地，一言一行均需谨慎！任何人都应增强法治意识、自律意识和底线意识，对自己的言行负责，共同营造好风清气正的网络环境。网络并非法外之地，违法违规必被严惩！网络不是法外之地，一言一行均需谨慎！另外该事件具体真实情况请以学校或有关部门通报为准。,,,,,0,0,0,2022-11-16 06:15,山东服装职业技术学院超话,,,
4836311569269818,MfeD2CTvc,3222215592,股海一条龙xy,山东服装职业学院这女的是真的下作！不过勇士太牛逼了，是个男人都服他,,,,,0,0,0,2022-11-16 06:06,山东服装职业学院超话,,,
4836292976705890,Mfe93s8vw,6169183989,熊猫儿有话说,#“拒绝录用山东服装学院一切学生”？岂能因个人情绪制造就业歧视#本公司郑重声明，拒绝录用山东服装学院一切学生！——厦门美速达国际物流优先公司通知发布后，追责也随之而来。曹先生称上午已经接到福州上级公司的批文，自己被降级了，目前在“停职”阶段。关于拒绝录用该校学生这一表述，曹先生说：“我只是想表达我个人的想法，个人写出来可能没什么反响，但是以公司名义盖个红章可能引发的舆论就大一些。”并称，“自己做的事情不会躲，该怎么处理就怎么处理，自己都可以接受。”——真有这样的企业，这样的人呀，跟**一样。甚至还认错、不思悔改——想起了之前的那个案例，有男性老婆和其他男性好上了，然后他杀了自己老婆和出轨对象，一个人破坏了3个家庭。然后在这个新闻下，很多人还是是他，他也会那么做...,,,,“拒绝录用山东服装学院一切学生”？岂能因个人情绪制造就业歧视,0,0,0,2022-11-16 04:52,微博 weibo.com,,,
4836284948807724,MfdW6AXi4,3094055487,占星师小北Yoe,#泰安银行抢劫案#作为本地人，2202年很无语。先是金火火上热搜，然后是山东服装学院事件#plog#上热搜，再来一个抢银行的……,,,,"泰安银行抢劫案,plog",0,0,1,2022-11-16 04:20,iPhone客户端,['https://wx4.sinaimg.cn/large/b86b8a3fly1h86grifdb7j20u01uodkd.jpg'],,
4836269722698299,MfdxybjWX,2338742407,沉迷列王无法自拔吖,#山东服装职业学院超话#慕名而来，国内wb爱打拳，墙外蓝鸟搞颜色。说实话蓝鸟里搞颜色的和返工的一样多两个app全被控的死死的。每个月35块你出去看看那个地方有蔷内地位平均高啊，万一你觉得人家好你花个几千入个门你看看黑色的蜘蛛网里第二多的交易是什么。,,,,山东服装职业学院超话,0,1,5,2022-11-16 03:20,OPPO K1,,,
4836265634299923,MfdqXi2BB,5572314018,不敢吃便便的苍蝇,山东服装职业学院,,,,,0,0,0,2022-11-16 03:04,山东服装职业学院超话,,,
4836253667164623,Mfd7Eu3Qr,5816204945,川川酱00,山东服装职业学院大结局还没有出现，为什么就网爆女生？,,,,,0,2,1,2022-11-16 02:16,山东服装职业学院超话,,,
4836253038281940,Mfd6DyKvG,5947960827,国民网友六六,山东服装职业学院继上一条王佳颖在2022年11月14日下午主页显示了为一天的情侣就是当事人（其丈夫）的快手然后呢就公开的是11月6号的作品和那个男的但是可能因为事情当初暴露被网暴选择隐藏现在就选择试图洗白营造深情人设吧可能“因为我的不懂事我的丈夫被打了我也反思到了自己的错误所以我决定跟他好好过日子网上很多东西都是假的我们一直都很好我会等着他出来”然后现在点开主页很多隐藏的视频照片都发出来了虽然我不知道到底是不是女生自导自演的但说实话这种女的真的不适合结婚好聚好散吧真的不管是不是男生拘留期间你去看他了他自愿和你和好跟你绑定的还是你自己偷摸绑定的总之真的挺下头的但换句话说如果男方出来之后选择和女生和好我认为这是个天大笑话把全网替他说话的人全当笑话了总之现在我们要做的就是举报她的快手账号她的账号存在一天就扭曲很多女生未成年的三观女生的快手号就这一个别的直播的改名字全是蹭热度的千万不要被骗也不要相信所谓视频等等不要因为吃瓜损害钱财#一起来投票#L国民网友六六的微博视频,,,,一起来投票,0,8,55,2022-11-16 02:14,山东服装职业学院超话,,"http://f.video.weibocdn.com/o0/3RV8cDxjlx080Osm3iRy01041200dgfr0E010.mp4?label=mp4_720p&template=720x1556.24.0&ori=0&ps=1BVp4ysnknHVZu&Expires=1669344795&ssig=flbDN6yEZr&KID=unistore,video",
4836250031227212,Mfd1N59fK,7411153684,越来越好披荆斩棘,#官方回应公司拒录山东服装学院学生#可怜的军嫂婚内被出轨没人管女学生出轨被人肉网暴好一个双标,,,,官方回应公司拒录山东服装学院学生,0,0,0,2022-11-16 02:02,iPhone客户端,,,
4836249137317579,Mfd0luHDt,7411153684,越来越好披荆斩棘,#官方回应公司拒录山东服装学院学生#下次男的出轨希望也能有公司拒绝录用,,,,官方回应公司拒录山东服装学院学生,0,0,0,2022-11-16 01:58,iPhone客户端,,,
4836245383415471,MfcUiekwf,6130354221,今日彻底摆烂,《正常》#山东服装职业学院#山东服装职业学院,,,,山东服装职业学院,5,88,250,2022-11-16 01:43,iPhone客户端,"['https://wx2.sinaimg.cn/large/006GSlaZgy1h86c7ixe42j30n01cidkl.jpg', 'https://wx4.sinaimg.cn/large/006GSlaZgy1h86c7hm9vkj30n01cn78c.jpg', 'https://wx4.sinaimg.cn/large/006GSlaZgy1h86c7jssahj30n01crjvi.jpg']",,
4836241772382934,MfcOt9ZUq,6610368316,梦中___,山东服装职业技术学院@上课就睡觉下课就尿尿这不得来说个话。其他人自己看吧L你猜你再猜LD阳阳阳阳的微博视频,,,上课就睡觉下课就尿尿,,0,1,2,2022-11-16 01:29,山东服装职业技术学院超话,,"http://f.video.weibocdn.com/u0/e3ATsxlfgx080KdfoE9O01041201MTB50E010.mp4?label=mp4_720p&template=616x1280.24.0&ori=0&ps=1BVp4ysnknHVZu&Expires=1669344795&ssig=skEjaz981M&KID=unistore,video",
4836240908095581,MfcN4xY1T,5745492229,夺命小翠花,美速达公关：降级涉事主管！美速达董事长：这是谁的部将？竟如此勇猛！美速达人事：办一下离职，完了再办入职，去董事长那边报道为爱冲锋的勇士山东服装职业学院,,,,,0,1,1,2022-11-16 01:25,山东服装职业学院超话,['https://wx4.sinaimg.cn/large/006gPuZvgy1h86bo1jmjuj30zo256kjl.jpg'],,
4836240022832656,MfcLEbSU0,1888415301,策划人毛庆海,"【冲上热搜！他已被停职【扬帆】】近日，有网友爆料称福建厦门一企业发布通知称：""本公司郑重声明，拒绝录用山东服装学院一切学生。"" 昨天（14日）上午，记者联系涉事公司负责招聘的工作人员。O网页链接（分享自@扬帆手机频道）",,,扬帆手机频道,,0,0,0,2022-11-16 01:22,扬帆,['https://wx1.sinaimg.cn/large/708eee45ly1h86blu8o5aj207z07zwed.jpg'],,
4836238705559195,MfcJwnkcr,6610368316,梦中___,山东服装职业技术学院别的不想说，只想说真是什么钱都有人赚L你猜你再猜LD阳阳阳阳的微博视频,,,,,0,4,2,2022-11-16 01:17,山东服装职业技术学院超话,,"http://f.video.weibocdn.com/u0/e3ATsxlfgx080KdfoE9O01041201MTB50E010.mp4?label=mp4_720p&template=616x1280.24.0&ori=0&ps=1BVp4ysnknHVZu&Expires=1669344841&ssig=to%2Bbl4JeBl&KID=unistore,video",
4836237237813679,MfcH9wMH5,6418622682,山东服装学院记者团,山东服装学院0,,,,,0,0,0,2022-11-16 01:11,山东服装学院超话,,,
4836237141606529,MfcH06JVL,6418622682,山东服装学院记者团,山东服装学院8,,,,,0,0,0,2022-11-16 01:10,山东服装学院超话,,,
4836237107529389,MfcGWvAJL,6418622682,山东服装学院记者团,山东服装学院7,,,,,0,0,0,2022-11-16 01:10,山东服装学院超话,,,
4836237103334905,MfcGWdZyN,5319953721,奈何而你,山东服装职业学院握🌿这是哪里🚺🚺🚺🚺🚺🚺🚺🚺🚺🚺🚺🚺🚺🚺🚺🚺🚺🚺🚺🚺🚺🚺🚺🚺🚺🚺🚺🚺🚺🚺🚺🚺🚺🚺🚺🚺🚺🚺🚺🚺🚺🚺🚺🚺🚺🚺🚺🚺🚺🚺🚺🚺🚺🚺🚺🚺🚺🚺🚺🚺🚺🚺🚺🚺🚺🚺🚺🚺🚺🚺🚺🚺🚺🚺🚺🚺🚺🚺🚺🚺🚺🚺🚺🚺🚺🚺🚺🚺🚺🚺🚺🚺🚺🚺🚺🚺🚺🚺🚺🚺🚺,,,,,1,0,1,2022-11-16 01:10,山东服装职业学院超话,,,
4836237073974133,MfcGTgFQV,6418622682,山东服装学院记者团,山东服装学院6,,,,,0,0,0,2022-11-16 01:10,山东服装学院超话,,,
4836237029148728,MfcGOCo08,6418622682,山东服装学院记者团,山东服装学院5,,,,,0,0,0,2022-11-16 01:10,山东服装学院超话,,,
4836236995069753,MfcGLlgSd,6418622682,山东服装学院记者团,山东服装学院4,,,,,0,0,0,2022-11-16 01:10,山东服装学院超话,,,
4836236852725613,MfcGxbr3v,6418622682,山东服装学院记者团,山东服装学院3,,,,,0,0,0,2022-11-16 01:09,山东服装学院超话,,,
4836236818383153,MfcGtzaQ9,6418622682,山东服装学院记者团,山东服装学院2,,,,,0,0,0,2022-11-16 01:09,山东服装学院超话,,,
4836236771983985,MfcGp8k7L,6418622682,山东服装学院记者团,山东服装学院1,,,,,0,0,0,2022-11-16 01:09,山东服装学院超话,,,
4836230769938609,MfcwIFHu9,7765643891,你的亲妈叫郑爽,山东服装职业学院傻屌学校臭名远扬了,,,,,0,0,0,2022-11-16 00:45,山东服装职业学院超话,,,
4836229654776008,MfcuVk2so,1584980751,手机用户1584980751,"""厦门美速达国际物流有限公司""的企业发布通知称：""本公司郑重声明。拒绝录用山东服装学院一切学生！""人事通知引发社会争议，追责也随之而来。发布通知的曹先生称目前在“停职”阶段。在留言里有人说山东服装学院的超话里全是支持那女人的。也不知道超话是什么东西，问了度娘，安装了微博超话。打开一看，果然是一大片的支持者。一粒老鼠屎坏了一锅粥，也许闭着眼睛还能吃。如果是半锅老鼠屎……@厦门美速达国际物流有限公司@厦门市湖里区劳动监察大队去看看山东服装学院的超话，放过曹先生吧。",,,"厦门美速达国际物流有限公司,厦门市湖里区劳动监察大队",,0,4,0,2022-11-16 00:41,微博极速版,"['https://wx3.sinaimg.cn/large/5e78e30fly1h86aeygamqj20u01t046b.jpg', 'https://wx4.sinaimg.cn/large/5e78e30fly1h86aeyvr8lj20u01t0jzz.jpg']",,
4836226421755106,MfcpI7mAa,7209097035,梵蒂冈大青蛙,山东服装职业学院那些没脑子瞎打拳，拿家人蹭热度的狗到底在哪里啊？我怎么找不到啊？,,,,,0,0,0,2022-11-16 00:28,山东服装职业学院超话,,,
4836223442485419,MfckUaqzp,5872109838,陕西大事小事,【网传一公司“拒绝录用山东服装学院一切学生”，厦门一公司人事通知引争议】近日，山东服装职业学院，一在校学生因感情问题引发网友的热议。新黄河记者注意到，网传厦门美速达国际物流有限公司下发“拒绝录用山东服装学院一切学生”的通知。14日下午，新黄河记者通过“美速达国际物流”官方公众号内公示电话，联系到该公司的工作人员曹先生，他告诉新黄河记者，该公司确实发布了“拒绝录用山东服装学院一切学生”的通知，且自己就是该通知的发布者，下发到“美速达”旗下子公司的。通知发布后，曹先生称上午已经接到福州上级公司的批文，自己被降级了，目前在“停职”阶段。截至发稿前，记者发现该通知发布的平台已删除，发布后续声明的账号显示为私密账号。L西安讯点的微博视频,,,,,0,0,0,2022-11-16 00:16,微博视频号,,"http://f.video.weibocdn.com/o0/ZV87PF3Elx080NTuOOAg010412004t050E010.mp4?label=mp4_720p&template=720x1252.24.0&ori=0&ps=1BVp4ysnknHVZu&Expires=1669344884&ssig=xLrDB15Akc&KID=unistore,video",
4836223019385237,MfckdDnwN,7556445259,海螺笙笙,#厦门一公司人事通知引争议#网传一公司下发“拒绝录用山东服装学院一切学生”的通知，截图的通知内容显示为“本公司郑重声明，拒绝录用山东服装学院一切学生”，落款公司名称为厦门美速达国际物流有限公司，并盖有该公司公章。通知发布后，追责也随之而来。当事人曹先生称上午已经接到福州上级公司的批文，自己被降级了，目前在“停职”阶段。公章不是私章，引以为戒吧,,,,厦门一公司人事通知引争议,0,0,2,2022-11-16 00:14,华为mate30Android,['https://wx4.sinaimg.cn/large/008fo4Blgy1h869i27m12j30u01rc46a.jpg'],,
4836215285353192,Mfc7KmsBO,7151958741,玄枫玄语,美速达集团这件事确实有点太极端了，不能一竿子打s一船人，但同时也非常支持美速达集团为正义占位异样山东服装学院能出来解释解决,,,,,0,0,0,2022-11-15 23:43,iPhone 12 Pro Max,,,
